created_at,text,sentiment_score
2022-11-28T20:01:50.000Z,"RT @MarvelStudios: A profound take on life and legacy. Critics are hailing Marvel Studios’ BLACK PANTHER: WAKANDA FOREVER as, “emotionally…",5.7655
2022-11-28T20:01:25.000Z,@mcucomfort @Nwamentus Overrated,5
2022-11-28T19:56:44.000Z,RT @Microsoft: Add coding to your list of superpowers with our Black Panther: #WakandaForever @MSMakeCode program: https://t.co/T5BOqQut9c,5
2022-11-28T20:07:16.000Z,RT @OptimusGrind__: “Aye that Black Panther chick coming foo” https://t.co/uIEwIY0DEX,5
2022-11-28T20:07:29.000Z,RT @RAGGEDYROYAL: ok so I saw Black Panther and I cannot BELIEVE y’all were shipping Shuri and Namor,6.48
2022-11-28T20:07:34.000Z,This lady standing by my office door just telling all black panther. I told y’all I’d hear about it before I get to the movies lol,7.1075
2022-11-28T20:07:18.000Z,"RT @Winston_Duke: Calling all members of the Jabari Tribe, near &amp; far! 

Are YOU ready? 

Do you have your tickets &amp; gear ready for this Bl…",9.037
2022-11-28T19:56:55.000Z,"RT @MCU_Direct: #MarvelStudios has begun #WakandaForever's Oscars campaign with a new ""For Your Consideration"" poster! Details: https://t.c…",5
2022-11-28T20:07:20.000Z,RT @OptimusGrind__: “Aye that Black Panther chick coming foo” https://t.co/uIEwIY0DEX,5
2022-11-28T20:07:27.000Z,RT @OptimusGrind__: “Aye that Black Panther chick coming foo” https://t.co/uIEwIY0DEX,5
2022-11-28T20:07:17.000Z,"@jackston65 @gperky1 Get a job, son.  You sound like a welfare dreg.  'The Man' is not out to get you, just get off the crackpipe.",6.806
2022-11-28T19:57:01.000Z,"RT @MarvelStudios: A profound take on life and legacy. Critics are hailing Marvel Studios’ BLACK PANTHER: WAKANDA FOREVER as, “emotionally…",5.7655
2022-11-28T20:07:25.000Z,"Watch Black Panther Wakanda Forever FOR FREE. #BlackPanther #Marvel #movies #free #comic #Watching 
https://t.co/t9DTAOtavJ https://t.co/RmVzKX2DoN",9.2775
2022-11-28T20:07:32.000Z,RT @shaun_harrison: Concepted a New Disney/Marvel release Bashenga: The First Black Panther. And it’s taking off so let me post here… drop…,3.634
2022-11-28T20:07:34.000Z,RT @4chanGreen: Anon watches Black Panther https://t.co/hu4dE8aMRX,5
2022-11-28T20:07:40.000Z,RT @OptimusGrind__: “Aye that Black Panther chick coming foo” https://t.co/uIEwIY0DEX,5
2022-11-28T20:10:43.000Z,No dicks allowed but let’s keep that family friendly impaling https://t.co/iLrH1iXEds,7.8595
2022-11-28T20:10:29.000Z,"RT @MarvelStudios: A profound take on life and legacy. Critics are hailing Marvel Studios’ BLACK PANTHER: WAKANDA FOREVER as, “emotionally…",5.7655
2022-11-28T20:10:20.000Z,RT @meerp4ge: me when they said wakanda forever in black panther wakanda forever,5
2022-11-28T20:10:35.000Z,"RT @MarvelStudios: A profound take on life and legacy. Critics are hailing Marvel Studios’ BLACK PANTHER: WAKANDA FOREVER as, “emotionally…",5.7655
2022-11-28T19:57:03.000Z,"Editor talks behind the scenes #namor 
https://t.co/KcGNJy5d4D",5
2022-11-28T20:10:43.000Z,@MarvelStudios Lmao those movies are pure garbage,7.997
2022-11-28T20:10:34.000Z,Tenoch Huerta Addresses Rumor Namor's Bulge Was Cut From Black Panther https://t.co/fCBPRhdpIP https://t.co/AgAd3aGkHd,3.634
2022-11-28T20:10:44.000Z,"God of War 2018(Replay) 

""It's not a game script, it's a SCRIPT"" 

https://t.co/HVmNlPXty3 https://t.co/EU3rxbZxBx",2.8925
2022-11-28T20:10:45.000Z,The Angela Bassett Oscar campaign has begun! https://t.co/11PRrztY8S,5
2022-11-28T20:10:56.000Z,RT @OptimusGrind__: “Aye that Black Panther chick coming foo” https://t.co/uIEwIY0DEX,5
2022-11-28T20:10:53.000Z,"RT @hinno_14: ""Hello...?""
.
Vivi looks so beautiful like a goddess, I immediately wanted to redraw this
.
I highly recommend this manhwa
Ma…",9.4505
2022-11-28T20:11:12.000Z,@MwaseBontle I saw someone say they thought they were talking aboutNamor from black panther 😭😭,5
2022-11-28T20:11:10.000Z,The #SheHulk episode did say they cgi team were working on another project 😂 https://t.co/86EvYw61cR,5
2022-11-28T20:11:05.000Z,"RT @MarvelStudios: A profound take on life and legacy. Critics are hailing Marvel Studios’ BLACK PANTHER: WAKANDA FOREVER as, “emotionally…",5.7655
2022-11-28T20:11:01.000Z,Movie sounds awful https://t.co/eqUklwBHat,2.706
2022-11-28T20:11:06.000Z,"@Miguel_CBMFan 2. Have you seen Dr. Strange in the Multiverse of Madness?
6. Bro literally admitted he was wrong in What if",2.5305
2022-11-28T20:11:23.000Z,@EndWokeness Black Panther Wakanda Forever sure taught the population a new word.,6.591
2022-11-28T20:11:16.000Z,I met a girl at the movies at black panther and I got her twitter but I cannot for the life of me remember what it is :/// gdi,5
2022-11-28T20:11:27.000Z,I wanna go see Black Panther then get some seafood,5
2022-11-28T20:11:16.000Z,After seeing Black Panther: Wakanda Forever I feel that this movie and Spider-Man: No Way Home should be the standard for the visuals and the plot of future MCU movies.,3.52
2022-11-28T20:11:31.000Z,I feel like Danai Gurire [Okoye from Black Panther] looks soooo much like Viola Davis.,8.062
2022-11-28T20:11:31.000Z,RT @thislilstangirl: shuri being bald or having braids in the next black panther movie PLEASE https://t.co/2nphCfZTe1,6.591
2022-11-28T20:11:19.000Z,Please 😭😭😭😭 https://t.co/DF1nLazzZH,6.591
2022-11-28T20:11:21.000Z,"@OneiDespair this reminds me of when my mother was watching @GMA one somewhat recent morning. they were promoting Black Panther: Wakanda Forever by spotlighting Ghana (which they called ""Africa""), running a long segment encouraging black Americans to move back there",8.548
2022-11-28T20:11:13.000Z,"RT @Jenny30355206: Watch Black Panther Wakanda Forever FOR FREE. #BlackPanther #Marvel #movies #free #comic #Watching 
https://t.co/t9DTAOt…",9.2775
2022-11-28T20:11:50.000Z,"The bulges won’t be bulging.

#MCU #BlackPanther #WakandaForever ##MCU #Namor #TenochHuerta #actor 

https://t.co/2sLjowFBFY",5
2022-11-28T20:11:36.000Z,"RT @Jenny30355206: Watch Black Panther Wakanda Forever FOR FREE. #BlackPanther #Marvel #movies #free #comic #Watching 
https://t.co/t9DTAOt…",9.2775
2022-11-28T20:11:36.000Z,RT @GusGamma78: Here are my finished Black Panther digital paintings. T'Challa is all wrapped up. #WakandaForever #BlackPanther #Tchalla #N…,5
2022-11-28T20:11:44.000Z,Shit  i want to go see black Panther wakanda forever,2.447
2022-11-28T20:11:52.000Z,The back and forth of emotions I was feeling while reading this LOL https://t.co/TTcWbpxOjx https://t.co/ApjGgtX1Cz,7.8945
2022-11-28T20:11:53.000Z,RT @ndeenda_elao: Where can I watch Black Panther?,5
2022-11-28T19:56:54.000Z,"RT @MarvelStudios: A profound take on life and legacy. Critics are hailing Marvel Studios’ BLACK PANTHER: WAKANDA FOREVER as, “emotionally…",5.7655
2022-11-28T20:11:54.000Z,RT @OptimusGrind__: “Aye that Black Panther chick coming foo” https://t.co/uIEwIY0DEX,5
2022-11-28T20:12:13.000Z,"RT @cosmic_marvel: #WakandaForever writer Joe Robert Cole says Nakia and M’Baku were both considered to be the new Black Panther.

“M’Baku…",5
2022-11-28T20:12:01.000Z,RT @TheAfricaReport: “There’s a sense of awakening that there is value in our culture. International studios have also highlighted that wit…,6.7
2022-11-28T20:12:05.000Z,RT @OptimusGrind__: “Aye that Black Panther chick coming foo” https://t.co/uIEwIY0DEX,5
2022-11-28T20:12:10.000Z,"RT @MarvelStudios: A profound take on life and legacy. Critics are hailing Marvel Studios’ BLACK PANTHER: WAKANDA FOREVER as, “emotionally…",5.7655
2022-11-28T20:12:07.000Z,"RT @cosmic_marvel: #WakandaForever writer Joe Robert Cole says Nakia and M’Baku were both considered to be the new Black Panther.

“M’Baku…",5
2022-11-28T20:12:15.000Z,"RT @MarvelStudios: A profound take on life and legacy. Critics are hailing Marvel Studios’ BLACK PANTHER: WAKANDA FOREVER as, “emotionally…",5.7655
2022-11-28T20:12:16.000Z,They got pinkpantheress on the black panther soundtrack that is WILD,5
2022-11-28T20:12:33.000Z,"RT @Jenny30355206: Watch Black Panther Wakanda Forever FOR FREE. #BlackPanther #Marvel #movies #free #comic #Watching 
https://t.co/t9DTAOt…",9.2775
2022-11-28T20:12:27.000Z,"saw black panther last night, I’m Kukulkan",5
2022-11-28T20:12:28.000Z,"RT @GiveBloodNHS: .@DanaiGurira shares how it’s #InOurBlood to save lives, together.

Inspired? Register to become a blood donor today ➡️ h…",8.2985
2022-11-28T20:12:44.000Z,"RT @MarvelStudios: A profound take on life and legacy. Critics are hailing Marvel Studios’ BLACK PANTHER: WAKANDA FOREVER as, “emotionally…",5.7655
2022-11-28T20:12:39.000Z,"RT @savessh: All the advertising and Twitter posts just makes Black Panther seem like two hours of black women crying.

#BlackPanther #Waka…",6.806
2022-11-28T20:12:59.000Z,RT @OptimusGrind__: “Aye that Black Panther chick coming foo” https://t.co/uIEwIY0DEX,5
2022-11-28T20:13:05.000Z,"RT @Jenny30355206: Watch Black Panther Wakanda Forever FOR FREE. #BlackPanther #Marvel #movies #free #comic #Watching 
https://t.co/t9DTAOt…",9.2775
2022-11-28T20:13:02.000Z,‘Black Panther: Wakanda Forever’ Continues The Series’ Quest To Recover And Celebrate Lost Cultures https://t.co/RJxkPFBG9G #BlackPanther #WakandaForever,6.7
2022-11-28T20:12:55.000Z,"RT @theblackpanther: A profound take on life and legacy. Critics are hailing Marvel Studios’ BLACK PANTHER: WAKANDA FOREVER as, “emotionall…",5.7655
2022-11-28T20:12:50.000Z,"RT @MarvelStudios: A profound take on life and legacy. Critics are hailing Marvel Studios’ BLACK PANTHER: WAKANDA FOREVER as, “emotionally…",5.7655
2022-11-28T20:13:08.000Z,"RT @MarvelStudios: Queen Mother 👑
 
Marvel Studios’ Black Panther: #WakandaForever, now playing only in theaters. Get tickets now: https://…",7.787
2022-11-28T20:13:12.000Z,"‘Black Panther: Wakanda Forever’ Review: Women on the Home Front

#Marvel 

https://t.co/UJbWlExyRL",5
2022-11-28T20:13:17.000Z,RT @heroichollywood: New Marvel Disney+ series concept of ‘Bashenga: The First Black Panther’ by @Shaun_Harrison! Ryan Coogler make this! h…,7.1075
2022-11-28T20:13:18.000Z,"@highpri36119508 @P_Kiddo @MsJuicyGenius You're talking the Lion King that stole the entire story from a Japanese cartoon?
That's the spirituality you're talking😂😂😂",5
2022-11-28T20:13:13.000Z,RT @OptimusGrind__: “Aye that Black Panther chick coming foo” https://t.co/uIEwIY0DEX,5
2022-11-28T20:13:17.000Z,"RT @MarvelStudios: A profound take on life and legacy. Critics are hailing Marvel Studios’ BLACK PANTHER: WAKANDA FOREVER as, “emotionally…",5.7655
2022-11-28T20:13:18.000Z,RT @OptimusGrind__: “Aye that Black Panther chick coming foo” https://t.co/uIEwIY0DEX,5
2022-11-28T20:13:21.000Z,Tell me you’re racist without telling me you’re racist. #starwars #toxicfan https://t.co/jK0iJY8iPm,0.799
2022-11-28T20:13:25.000Z,@joiiwithani Ohhhh imma have to fiiighhtt youuuu🤣🤣😂,5
2022-11-28T20:13:30.000Z,"RT @MarvelStudios: A profound take on life and legacy. Critics are hailing Marvel Studios’ BLACK PANTHER: WAKANDA FOREVER as, “emotionally…",5.7655
2022-11-28T20:13:25.000Z,RT @shaun_harrison: Concepted a New Disney/Marvel release Bashenga: The First Black Panther. And it’s taking off so let me post here… drop…,3.634
2022-11-28T20:13:26.000Z,"RT @mymixtapez: Actor Tenoch Huerta, who played Namor in Black Panther 2, goes off on Mexican Media outlets who said ‘Blacks &amp; Browns’ can’…",7.0095
2022-11-28T20:13:56.000Z,"Am I allowed to talk about the plot to black panther yet, bc it’s important to discuss the most powerful people on the planet spending their days showin each other their sea shells 🙃",7.992
2022-11-28T20:13:55.000Z,RT @OptimusGrind__: “Aye that Black Panther chick coming foo” https://t.co/uIEwIY0DEX,5
2022-11-28T20:13:42.000Z,RT @OptimusGrind__: “Aye that Black Panther chick coming foo” https://t.co/uIEwIY0DEX,5
2022-11-28T20:13:37.000Z,This shot of Angela Bassett. What a talent. What a Queen ❤️ #WakandaForever https://t.co/8nY1RsIFBQ,7.1075
2022-11-28T20:13:56.000Z,"Since nobody is talking about this... The new black panther is a lady with no boobs, no butt but who rocks...
She has insecurities, challenge but she does what she does
Society has been labeled what beauty is, but just be who you are.
A woman who rocks.
#BlackPanther",5.9505
2022-11-28T20:13:33.000Z,"RT @Jenny30355206: Watch Black Panther Wakanda Forever FOR FREE. #BlackPanther #Marvel #movies #free #comic #Watching 
https://t.co/t9DTAOt…",9.2775
2022-11-28T20:13:45.000Z,"Black panther 2… “here y’all go, enjoy your movie n*ggers” … 
6/10",7.7115
2022-11-28T20:14:18.000Z,RT @OptimusGrind__: “Aye that Black Panther chick coming foo” https://t.co/uIEwIY0DEX,5
2022-11-28T20:14:15.000Z,RT @OptimusGrind__: “Aye that Black Panther chick coming foo” https://t.co/uIEwIY0DEX,5
2022-11-28T20:14:18.000Z,"Mon top film marvel de la phase 4
En 7 les eternals
En 6 black widow
En 5 black Panther wakanda forever
En 4 Thor love and thunder
En 3 spiderman no way home
En 2 Shang-Chi
En 1 docteur Strange in the multivers
Est vous votre classement ?",9.18
2022-11-28T20:14:11.000Z,"RT @shadesofmozero: A recent performance at the premiere of the Black Panther by @imaginecinemas in FUNAAB 
And I couldn’t just help it tha…",3.4555
2022-11-28T20:14:04.000Z,RT @OptimusGrind__: “Aye that Black Panther chick coming foo” https://t.co/uIEwIY0DEX,5
2022-11-28T20:14:14.000Z,RT @OptimusGrind__: “Aye that Black Panther chick coming foo” https://t.co/uIEwIY0DEX,5
2022-11-28T20:14:04.000Z,Y’all actually play to much 😂😂 https://t.co/NQGphYAFUw,6.7
2022-11-28T20:14:24.000Z,RT @OptimusGrind__: “Aye that Black Panther chick coming foo” https://t.co/uIEwIY0DEX,5
2022-11-28T20:14:19.000Z,@nchls_b Also watching those too https://t.co/pOi1BNSf2h,5
2022-11-28T20:14:18.000Z,@OneiDespair @GMA I think it's really unfair that the wypipo on @GMA get to be this blatantly racist on national TV and I don't—all because I am Mexican,0.939
2022-11-28T20:14:22.000Z,PLS I WAS GAGGED-,3.75
2022-11-28T20:14:18.000Z,@Little_Lair Go on...,5
2022-11-28T20:16:34.000Z,"RT @Disneyland: So many new additions In celebration of Black Panther: Wakanda Forever, like souvenirs, limited-time offerings land more at…",6.806
2022-11-28T20:14:30.000Z,Is that the future liberals want?,5.386
2022-11-28T20:16:35.000Z,@Microsoft @MSMakeCode what is black panther for ??,5
2022-11-28T20:16:38.000Z,"RT @theblackpanther: A profound take on life and legacy. Critics are hailing Marvel Studios’ BLACK PANTHER: WAKANDA FOREVER as, “emotionall…",5.7655
2022-11-28T20:16:38.000Z,"@RayyvanaTTV My girl was Brimstone, when I found her in an industrial yard she was a little black stinky ball of fur, we were together for 19 years. I miss her 💔. https://t.co/dTnk4zdcUl",3.1715
2022-11-28T20:16:42.000Z,@theblackpanther she about to win a oscar she was too good,8.8585
2022-11-28T20:16:47.000Z,This just took me out https://t.co/mBkgWq9MGh,5
2022-11-28T20:16:42.000Z,"@barbiehines @MooseHunter150 @jp262 ya do know Kwanzaa is a made up holiday, by a convicted black panther leader thrown in jail for Felony assault, false imprisonment and torture of women right? But sure go ahead and compare that to the others",3.409
2022-11-28T20:16:47.000Z,What the hell is this 😂 https://t.co/PKib3ucG4t,1.596
2022-11-28T20:16:53.000Z,"RT @comic_marina: Comic twitter: 
""Peggy Carter is a n*zi. Wanda enslaved a whole town, shes irredeemable. She-Hulk is a hypocritical narci…",1.546
2022-11-28T20:16:56.000Z,"@sexysportslover any Guardians of the Galaxy movie
Black Panther 
Sleepless in Seattle
The Day The Earth Stood Still (original movie)",6.591
2022-11-28T20:16:53.000Z,RT @mcucomfort: the cast of black panther &lt;3 https://t.co/drmVMoZSHK,5
2022-11-28T20:17:00.000Z,@InternetH0F Kids in the common bro😂,5
2022-11-28T20:16:56.000Z,"RT @DailyLoud: Actor Tenoch Huerta, who played “Namor” in Black Panther 2, goes off on racist Mexican Media outlets who said “Blacks &amp; Brow…",3.409
2022-11-28T20:16:53.000Z,RT @OptimusGrind__: “Aye that Black Panther chick coming foo” https://t.co/uIEwIY0DEX,5
2022-11-28T20:17:01.000Z,RT @OptimusGrind__: “Aye that Black Panther chick coming foo” https://t.co/uIEwIY0DEX,5
2022-11-28T20:15:14.000Z,"RT @MarvelStudios: A profound take on life and legacy. Critics are hailing Marvel Studios’ BLACK PANTHER: WAKANDA FOREVER as, “emotionally…",5.7655
2022-11-28T20:14:30.000Z,me hearing white people say any criticism abt black panther https://t.co/zZaVwfLBYX,2.798
2022-11-28T20:15:03.000Z,@SucioSloan217 They wouldn't dare!!,5
2022-11-28T20:15:08.000Z,RT @4chanGreen: Anon watches Black Panther https://t.co/hu4dE8aMRX,5
2022-11-28T20:14:30.000Z,"@AdrieanKoleric MCU fatigue is real. Especially with how mid Phase 4 has been. Having said that, #WakandaForever is top fucking tier bud. Head and shoulders above the rest of the Phase 4 stuff. I'd even go so far as to say it's a top 5 MCU flick and better than Black Panther 1.",8.454
2022-11-28T20:15:19.000Z,"I’m watching Black Panther 2 in French bc I’m still in Morocco but I know I can’t be the only one thinking, can’t they just take off the Aqua people’s masks so they can’t breathe and eventually die???",1.3245
2022-11-28T20:15:14.000Z,@nxylas @BriggsNicholas @GerryAndersonTV The ONLY scene in that film that I found genuinely funny! 😄,7.202
2022-11-28T20:14:48.000Z,RT @OptimusGrind__: “Aye that Black Panther chick coming foo” https://t.co/uIEwIY0DEX,5
2022-11-28T20:15:16.000Z,"RT @Xbox: Join the fight for Wakanda!

Follow &amp; RT with #XboxWakandaForeverSweepstakes for your chance to win a custom Black Panther: Wakan…",8.2985
2022-11-28T20:15:22.000Z,RT @OptimusGrind__: “Aye that Black Panther chick coming foo” https://t.co/uIEwIY0DEX,5
2022-11-28T20:15:28.000Z,RT @Microsoft: Add coding to your list of superpowers with our Black Panther: #WakandaForever @MSMakeCode program: https://t.co/T5BOqQut9c,5
2022-11-28T20:15:27.000Z,"RT @Asianwildlife66: Black Panther 🐆

Have u watched this movie before? https://t.co/Lx2dA8mY3S",5
2022-11-28T20:15:37.000Z,"RT @MarvelStudios: A profound take on life and legacy. Critics are hailing Marvel Studios’ BLACK PANTHER: WAKANDA FOREVER as, “emotionally…",5.7655
2022-11-28T20:15:50.000Z,RT @KingKyberrr: I hate how there are people who think Civil War was the only movie that did T’Challa any kind of justice. He was a man on…,1.6515
2022-11-28T20:15:40.000Z,"RT @Marvel: With the world's eyes on Wakanda, now's a great time to celebrate the legacy of one of Marvel's greatest heroes. Revisit our @S…",9.8005
2022-11-28T20:15:42.000Z,"“
No more locked cities
No more locked cities
No more locked cities
      Gracias “ https://t.co/ROkf9qifXF",3.52
2022-11-28T20:15:33.000Z,RT @bpanthernews: The Oscar’s Best Picture campaign for Black Panther: #WakandaForever has started! https://t.co/6vWOIHdDNt,8.1845
2022-11-28T20:15:52.000Z,RT @OptimusGrind__: “Aye that Black Panther chick coming foo” https://t.co/uIEwIY0DEX,5
2022-11-28T20:15:39.000Z,"New Black Panther movie
Traaassshhhh https://t.co/U4GsxCfBdc",5
2022-11-28T20:15:35.000Z,"RT @DailyLoud: Actor Tenoch Huerta, who played “Namor” in Black Panther 2, goes off on racist Mexican Media outlets who said “Blacks &amp; Brow…",3.409
2022-11-28T20:17:02.000Z,RT @OptimusGrind__: “Aye that Black Panther chick coming foo” https://t.co/uIEwIY0DEX,5
2022-11-28T20:16:00.000Z,Black Panther is a step in the right direction and a diverse audience is hungry for more inclusive roles and storylines https://t.co/8fe0DhKK2D,5
2022-11-28T20:17:06.000Z,RT @TheMarvelFocus: Marvel Studios has started the well deserved Best Picture campaign for Black Panther: #WakandaForever for the Oscars! h…,9.221
2022-11-28T20:16:26.000Z,"RT @MarvelStudios: A profound take on life and legacy. Critics are hailing Marvel Studios’ BLACK PANTHER: WAKANDA FOREVER as, “emotionally…",5.7655
2022-11-28T20:16:11.000Z,"RT @Jenny30355206: Watch Black Panther Wakanda Forever FOR FREE. #BlackPanther #Marvel #movies #free #comic #Watching 
https://t.co/t9DTAOt…",9.2775
2022-11-28T20:15:54.000Z,@Briyashaa Elite rizz tho,5
2022-11-28T20:17:02.000Z,"RT @MarvelStudios: A profound take on life and legacy. Critics are hailing Marvel Studios’ BLACK PANTHER: WAKANDA FOREVER as, “emotionally…",5.7655
2022-11-28T20:17:04.000Z,@mikejt1954 @Blog_Mickey You clearly haven’t paid much attention then 🤣🤷‍♂️,7.0095
2022-11-28T20:16:24.000Z,"RT @LastPodNetwork: New Wizard and the Bruiser! @BestJakeYoung and @holdenators are exploring the history of the Black Panther, from his sh…",5
2022-11-28T20:16:21.000Z,"RT @awkward_1110: Ross💙2y
#NYCACC #158950 
A handsome black boy...a coat like a panther...not as bold right now😨this young boy is TERRIFIED…",7.787
2022-11-28T20:17:09.000Z,"RT @Jenny30355206: Watch Black Panther Wakanda Forever FOR FREE. #BlackPanther #Marvel #movies #free #comic #Watching 
https://t.co/t9DTAOt…",9.2775
2022-11-28T20:17:28.000Z,"RT @MarvelStudios: A profound take on life and legacy. Critics are hailing Marvel Studios’ BLACK PANTHER: WAKANDA FOREVER as, “emotionally…",5.7655
2022-11-28T20:17:42.000Z,"RT @theblackpanther: A profound take on life and legacy. Critics are hailing Marvel Studios’ BLACK PANTHER: WAKANDA FOREVER as, “emotionall…",5.7655
2022-11-28T20:17:28.000Z,"RT @Asianwildlife66: Black Panther 🐆

Have u watched this movie before? https://t.co/Lx2dA8mY3S",5
2022-11-28T20:17:45.000Z,@RugbySkin @LayotaQueef He’s a Black Panther/Antifa Leftist,5
2022-11-28T20:17:25.000Z,"RT @theblackpanther: A profound take on life and legacy. Critics are hailing Marvel Studios’ BLACK PANTHER: WAKANDA FOREVER as, “emotionall…",5.7655
2022-11-28T20:17:49.000Z,RT @OptimusGrind__: “Aye that Black Panther chick coming foo” https://t.co/uIEwIY0DEX,5
2022-11-28T20:17:45.000Z,I’m sorry @noemisreign but baby you know who’s queen🙅🏽‍♂️ https://t.co/ongmqITEMq,4.8065
2022-11-28T20:17:49.000Z,RT @OptimusGrind__: “Aye that Black Panther chick coming foo” https://t.co/uIEwIY0DEX,5
2022-11-28T20:17:20.000Z,RT @OptimusGrind__: “Aye that Black Panther chick coming foo” https://t.co/uIEwIY0DEX,5
2022-11-28T20:17:51.000Z,@MarvelStudios @TheAcademy give her the oscar,5
2022-11-28T20:17:51.000Z,RT @OptimusGrind__: “Aye that Black Panther chick coming foo” https://t.co/uIEwIY0DEX,5
2022-11-28T20:17:55.000Z,RT @RKNDC_: @AirJvlen @BigupsQ @Damn_Tea @iamcleotrapa They was just tryna get active to get bro one on one wit the black panther and dip b…,7.0095
2022-11-28T20:18:19.000Z,RT @RAGGEDYROYAL: ok so I saw Black Panther and I cannot BELIEVE y’all were shipping Shuri and Namor,6.48
2022-11-28T20:17:54.000Z,RT @OptimusGrind__: “Aye that Black Panther chick coming foo” https://t.co/uIEwIY0DEX,5
2022-11-28T20:18:11.000Z,"RT @Jenny30355206: Watch Black Panther Wakanda Forever FOR FREE. #BlackPanther #Marvel #movies #free #comic #Watching 
https://t.co/t9DTAOt…",9.2775
2022-11-28T20:17:57.000Z,"RT @DailyLoud: Actor Tenoch Huerta, who played “Namor” in Black Panther 2, goes off on racist Mexican Media outlets who said “Blacks &amp; Brow…",3.409
2022-11-28T20:17:14.000Z,@EmansReviews @RaulTweet @GameRant @MarvelStudios Did anyone watch Black Panther 2 if so...shouldn't the #RecastTChalla movement be dead https://t.co/Of1uvTSwhr,1.938
2022-11-28T20:18:26.000Z,RT @OptimusGrind__: “Aye that Black Panther chick coming foo” https://t.co/uIEwIY0DEX,5
2022-11-28T20:18:44.000Z,"nishinoyas-angel: Okay, okay, I don’t want to be the one person focusing on the white people in Black Panther Wakanda Forever but￼ Val’s response when Ross goes “could you imagine how destructive it would be if a place like America got its... https://t.co/rddgUE87cn",3.235
2022-11-28T20:18:42.000Z,RT @OptimusGrind__: “Aye that Black Panther chick coming foo” https://t.co/uIEwIY0DEX,5
2022-11-28T20:19:05.000Z,RT @OptimusGrind__: “Aye that Black Panther chick coming foo” https://t.co/uIEwIY0DEX,5
2022-11-28T20:18:51.000Z,@Wolf_Dhesi @CultureCrave Disney is absolutely not happy about Avatar coming out. Avatar will have to be the 4th or 5th highest grossing film EVER to break even,2.2305
2022-11-28T20:18:48.000Z,i got the Black Panther 2 score stuck in my head for whatever reason 🚶🏻,4.1105
2022-11-28T20:18:57.000Z,"skullsontess07: The black panther movies are objectively the best marvel movies. You are allowed to have other personal favorites, but black panther is top tier. You can tell how much love Ryan Coogler has for the comics and absolute passion... https://t.co/TjgVkIC50T",9.7725
2022-11-28T20:19:00.000Z,"RT @theblackpanther: A profound take on life and legacy. Critics are hailing Marvel Studios’ BLACK PANTHER: WAKANDA FOREVER as, “emotionall…",5.7655
2022-11-28T20:19:05.000Z,RT @OptimusGrind__: “Aye that Black Panther chick coming foo” https://t.co/uIEwIY0DEX,5
2022-11-28T20:19:11.000Z,RT @OptimusGrind__: “Aye that Black Panther chick coming foo” https://t.co/uIEwIY0DEX,5
2022-11-28T20:19:10.000Z,"@Fandango Black Panther: Wakanda Forever, Glass Onion, and Devotion",7.294
2022-11-28T20:19:18.000Z,"RT @meganwillissss: Almost 40, married mother of 2, I like black panther marvel spider-man movies, I like rock music. worth a date https://…",9.139
2022-11-28T20:19:11.000Z,"RT @DailyLoud: Actor Tenoch Huerta, who played “Namor” in Black Panther 2, goes off on racist Mexican Media outlets who said “Blacks &amp; Brow…",3.409
2022-11-28T20:19:21.000Z,@Canaansdad1987 present,5
2022-11-28T20:19:27.000Z,"RT @Jenny30355206: Watch Black Panther Wakanda Forever FOR FREE. #BlackPanther #Marvel #movies #free #comic #Watching 
https://t.co/t9DTAOt…",9.2775
2022-11-28T20:19:58.000Z,"@LimitlesssRange @_ZayxX @itsonlyuzo @iamcleotrapa The talocans had super human strength all of them had the herb in their blood, in wakandan only the black panther gets to have the herb.",8.982
2022-11-28T20:20:00.000Z,"""Strange World"" fizzled with audiences out of the gates, but the top spot went to ""Black Panther: Wakanda Forever."" https://t.co/cuBpepnRVH",6.0115
2022-11-28T20:19:54.000Z,RT @mcucomfort: the cast of black panther &lt;3 https://t.co/drmVMoZSHK,5
2022-11-28T20:19:57.000Z,"RT @MarvelStudios: A profound take on life and legacy. Critics are hailing Marvel Studios’ BLACK PANTHER: WAKANDA FOREVER as, “emotionally…",5.7655
2022-11-28T20:20:02.000Z,RT @OptimusGrind__: “Aye that Black Panther chick coming foo” https://t.co/uIEwIY0DEX,5
2022-11-28T20:19:52.000Z,"RT @comic_marina: Comic twitter: 
""Peggy Carter is a n*zi. Wanda enslaved a whole town, shes irredeemable. She-Hulk is a hypocritical narci…",1.546
2022-11-28T20:19:33.000Z,RT @OptimusGrind__: “Aye that Black Panther chick coming foo” https://t.co/uIEwIY0DEX,5
2022-11-28T20:19:55.000Z,in my opinion black panther 2 was over hyped.  but it was coo,5.1935
2022-11-28T20:20:12.000Z,‘Black Panther: Wakanda Forever’ Concept Art Reveals Early Namor Designs. https://t.co/Rtp3nWJwui,5
2022-11-28T20:20:10.000Z,SCREAMING IN #NASHURI #NAMURI #SEAPRINCESS #SHUMOR https://t.co/hzXlNDFOYm https://t.co/P9DBjsyKiI,3.091
2022-11-28T20:22:55.000Z,"Weekend Box Office: Glass Onion shocks, Strange World tanks and Black Panther tops https://t.co/Sbf969lGjq",4.871
2022-11-28T20:23:07.000Z,"thebctman: So much of Black Panther 2 is built off the the theme of consequences. There are consequences for every action from the previous film and this film. T’Challa opens up Wakanda to the world and reveals their vibranium, which leads to... https://t.co/LIxd53r4Jd",5.386
2022-11-28T20:20:17.000Z,the three of them are repeated offenders tho? https://t.co/LEDLpCArKx,3.194
2022-11-28T20:20:05.000Z,"RT @MarvelStudios: A profound take on life and legacy. Critics are hailing Marvel Studios’ BLACK PANTHER: WAKANDA FOREVER as, “emotionally…",5.7655
2022-11-28T20:20:22.000Z,RT @XMenUpdate: Concept Art for #Namor by Anthony Francisco for ‘BLACK PANTHER: #WAKANDAFOREVER’ https://t.co/aGpEb8m7Oq,5
2022-11-28T20:22:59.000Z,RT @OptimusGrind__: “Aye that Black Panther chick coming foo” https://t.co/uIEwIY0DEX,5
2022-11-28T20:22:48.000Z,#e_RadioUS Tenoch Huerta confirms bulge was edited out of ‘Black Panther: Wakanda Forever’ https://t.co/TFTbYqkvFb,5
2022-11-28T20:23:11.000Z,"RT @DailyLoud: Actor Tenoch Huerta, who played “Namor” in Black Panther 2, goes off on racist Mexican Media outlets who said “Blacks &amp; Brow…",3.409
2022-11-28T20:23:20.000Z,"RT @theblackpanther: A profound take on life and legacy. Critics are hailing Marvel Studios’ BLACK PANTHER: WAKANDA FOREVER as, “emotionall…",5.7655
2022-11-28T20:23:19.000Z,Aye y’all outta pocket https://t.co/VutZg4ChZb,5
2022-11-28T20:23:29.000Z,"RT @DailyLoud: Actor Tenoch Huerta, who played “Namor” in Black Panther 2, goes off on racist Mexican Media outlets who said “Blacks &amp; Brow…",3.409
2022-11-28T20:23:48.000Z,"RT @Lett_Arc: We’re grateful for the support of our followers, this year and always. To show our gratitude, we made one of the most popular…",9.51
2022-11-28T20:23:12.000Z,"RT @MarvelStudios: A profound take on life and legacy. Critics are hailing Marvel Studios’ BLACK PANTHER: WAKANDA FOREVER as, “emotionally…",5.7655
2022-11-28T20:23:51.000Z,"RT @DailyLoud: Actor Tenoch Huerta, who played “Namor” in Black Panther 2, goes off on racist Mexican Media outlets who said “Blacks &amp; Brow…",3.409
2022-11-28T20:23:49.000Z,@LooLManUp @E_Coldfire @SpiderWitHyphen By that logic Black Panther can be Asian too.,5
2022-11-28T20:23:21.000Z,@RANO_99999 Love the black panther,8.1845
2022-11-28T20:23:58.000Z,RT @Tae_Terell: Finally watched Black Panther and I don’t get the hype behind Namor 🫣,5
2022-11-28T20:23:38.000Z,"RT @mymixtapez: Actor Tenoch Huerta, who played Namor in Black Panther 2, goes off on Mexican Media outlets who said ‘Blacks &amp; Browns’ can’…",7.0095
2022-11-28T20:20:43.000Z,"@david_hyman01 Black Panther 2
Boy From Heaven
Eo
Pinocchio
She Said
Strange World (but dubbed so might skip it)
The Menu
Bardo (have a feeling this will disappear soon)
Cow
Saint Omer
(hell, that's 10; some of them I *might* be able to watch on screeners, though I much prefer big screen.)",4.8065
2022-11-28T20:20:23.000Z,"RT @Blklivesmatter: Urgent call to action: 
We have learned that Mumia Abu-Jamal, the world renown veteran Black Panther, and political pri…",6.0115
2022-11-28T20:24:00.000Z,“No more vibranium detectors! Gracias.” https://t.co/a9gZRvuRac,3.52
2022-11-28T20:20:48.000Z,@TheeDCstan This is really not a guarantee when you have writers that do not even like the character writing black panther content. I can definitely see him getting written out in the future.,4.4505
2022-11-28T20:20:31.000Z,RT @OptimusGrind__: “Aye that Black Panther chick coming foo” https://t.co/uIEwIY0DEX,5
2022-11-28T20:20:48.000Z,"watching black panther 2 made me feel so gay , they was fine as hell 😩🤷🏽‍♀️ .",2.2885
2022-11-28T20:20:38.000Z,Kilmonger really hit Black Panther with the Attitude Adjustment off that cliff. 😭,5
2022-11-28T20:20:32.000Z,@DrDc989 @Justanotherho18 @Variety Nope Black History Month,5
2022-11-28T20:20:53.000Z,RT @OptimusGrind__: “Aye that Black Panther chick coming foo” https://t.co/uIEwIY0DEX,5
2022-11-28T20:20:24.000Z,"RT @theblackpanther: A profound take on life and legacy. Critics are hailing Marvel Studios’ BLACK PANTHER: WAKANDA FOREVER as, “emotionall…",5.7655
2022-11-28T20:21:07.000Z,"RT @mymixtapez: Actor Tenoch Huerta, who played Namor in Black Panther 2, goes off on Mexican Media outlets who said ‘Blacks &amp; Browns’ can’…",7.0095
2022-11-28T20:20:53.000Z,RT @OptimusGrind__: “Aye that Black Panther chick coming foo” https://t.co/uIEwIY0DEX,5
2022-11-28T20:21:01.000Z,"RT @cosmic_marvel: #WakandaForever writer Joe Robert Cole says Nakia and M’Baku were both considered to be the new Black Panther.

“M’Baku…",5
2022-11-28T20:20:58.000Z,@AlexFoux it’s daddy’s influence,5
2022-11-28T20:21:17.000Z,Don't look at me Shuri https://t.co/UuNKd6fDYn,5
2022-11-28T20:21:00.000Z,Tenoch Huerta Addresses Rumor Namor's Bulge Was Cut From Black Panther https://t.co/M1t1ePorEW,3.634
2022-11-28T20:21:02.000Z,@VegetaTurd69 True black panther was a more than decent character in civil war his movie sucked just as much ass though realistically though we know both those movies could’ve been à thousand times worse than what it already is but would be praised as a renounced success because minority cast,8.3525
2022-11-28T20:21:02.000Z,@214yongss He said it himself you dumbass https://t.co/ptvcKchjsy,2.213
2022-11-28T20:21:29.000Z,RT @mcucomfort: the cast of black panther &lt;3 https://t.co/drmVMoZSHK,5
2022-11-28T20:21:13.000Z,@Wandering_Spark I have mighty need,5
2022-11-28T20:21:39.000Z,"RT @Jenny30355206: Watch Black Panther Wakanda Forever FOR FREE. #BlackPanther #Marvel #movies #free #comic #Watching 
https://t.co/t9DTAOt…",9.2775
2022-11-28T20:21:50.000Z,"RT @theblackpanther: A profound take on life and legacy. Critics are hailing Marvel Studios’ BLACK PANTHER: WAKANDA FOREVER as, “emotionall…",5.7655
2022-11-28T20:21:44.000Z,RT @OptimusGrind__: “Aye that Black Panther chick coming foo” https://t.co/uIEwIY0DEX,5
2022-11-28T20:21:58.000Z,They had us in the first half. https://t.co/VmPkoGJirN,5
2022-11-28T20:21:57.000Z,RT @TurboStunkk: The Black Panther https://t.co/RCvwZHUsTz,5
2022-11-28T20:21:45.000Z,This is such a brilliant way of getting messages across to communities #nhs #WakandaForever https://t.co/sdZP8c8jcM,7.9295
2022-11-28T20:22:01.000Z,"WTF not this editor ""Namor is like a big brother to her"" right after saying early cut of WF they'd be FLIRTING
 
+ AFTER confirm Namor giving Shuri the bracelet looked like a marriage proposal and even became intern joke in other scrip Shuri would be ""Omg I'm Talokan' Queen now"" https://t.co/hDwcUtqAt8",7.7115
2022-11-28T20:21:53.000Z,RT @OptimusGrind__: “Aye that Black Panther chick coming foo” https://t.co/uIEwIY0DEX,5
2022-11-28T20:21:49.000Z,"Black Panther: Wakanda Forever’ Claws Up $84 Million Opening Day 
#BlackPanther https://t.co/iBQDwxLgyl",5
2022-11-28T20:21:56.000Z,LIFT ME UP (FROM BLACK PANTHER: WAKANDA FOREVER - MUSIC FROM,5
2022-11-28T20:22:47.000Z,Okay. Time to watch the first black panther for the first time ever. I hope I understand wtf is going on.,5
2022-11-28T20:22:13.000Z,"RT @Jenny30355206: Watch Black Panther Wakanda Forever FOR FREE. #BlackPanther #Marvel #movies #free #comic #Watching 
https://t.co/t9DTAOt…",9.2775
2022-11-28T20:22:27.000Z,@JayTBull Loved the movie 9/10.  I did not like how they killed the queen,2.9805
2022-11-28T20:22:23.000Z,@DGIBBS89 😮‍💨 glad I’m not the only one,7.294
2022-11-28T20:59:36.000Z,RT @OptimusGrind__: “Aye that Black Panther chick coming foo” https://t.co/uIEwIY0DEX,5
2022-11-28T20:22:34.000Z,"RT @Jenny30355206: Watch Black Panther Wakanda Forever FOR FREE. #BlackPanther #Marvel #movies #free #comic #Watching 
https://t.co/t9DTAOt…",9.2775
2022-11-28T20:22:30.000Z,"RT @theblackpanther: A profound take on life and legacy. Critics are hailing Marvel Studios’ BLACK PANTHER: WAKANDA FOREVER as, “emotionall…",5.7655
2022-11-28T20:22:48.000Z,@MarvelStudios It’s mid,5
2022-11-28T20:22:03.000Z,"RT @GooglePixel_US: We're proud to present the cast of the biggest film release of the year photographed with Real Tone on #Pixel7, in part…",7.3835
2022-11-28T20:22:13.000Z,RT @OptimusGrind__: “Aye that Black Panther chick coming foo” https://t.co/uIEwIY0DEX,5
2022-11-28T20:59:46.000Z,I didn’t even know this movie fucking existed until two weeks ago when I went to go see Black Panther,5
2022-11-28T20:59:39.000Z,I just laughed so hard for like 10 mins https://t.co/pm7izIFKTv,8.183
2022-11-28T20:59:51.000Z,"Artist 😎#NowPlaying ""Lift Me Up - From Black Panther: Wakanda Forever - Music From and Inspired By"" by Rihanna on @TIDAL https://t.co/5IHsMUgO3H",7.4695
2022-11-28T20:59:37.000Z,going private after taking the whole black panther thing out of context to vilify jeno cause that’s “accountability” to you but when people point out your ult made offensive remarks it’s jeno’s fault and you go private? lmao https://t.co/iefUe0yUYN,3.52
2022-11-28T20:59:44.000Z,RT @OptimusGrind__: “Aye that Black Panther chick coming foo” https://t.co/uIEwIY0DEX,5
2022-11-28T20:59:40.000Z,RT @OptimusGrind__: “Aye that Black Panther chick coming foo” https://t.co/uIEwIY0DEX,5
2022-11-28T20:59:46.000Z,RT @OptimusGrind__: “Aye that Black Panther chick coming foo” https://t.co/uIEwIY0DEX,5
2022-11-28T20:59:52.000Z,RT @OptimusGrind__: “Aye that Black Panther chick coming foo” https://t.co/uIEwIY0DEX,5
2022-11-28T20:59:43.000Z,RT @OptimusGrind__: “Aye that Black Panther chick coming foo” https://t.co/uIEwIY0DEX,5
2022-11-28T20:59:41.000Z,RT @OptimusGrind__: “Aye that Black Panther chick coming foo” https://t.co/uIEwIY0DEX,5
2022-11-28T20:59:55.000Z,"RT @DailyLoud: Actor Tenoch Huerta, who played “Namor” in Black Panther 2, goes off on racist Mexican Media outlets who said “Blacks &amp; Brow…",3.409
2022-11-28T20:59:59.000Z,@MCU_Direct Nope,5
2022-11-28T20:59:52.000Z,RT @OptimusGrind__: “Aye that Black Panther chick coming foo” https://t.co/uIEwIY0DEX,5
2022-11-28T21:00:25.000Z,"@callmebuja @GamerTeeboy @Jazzyrelli If you recall in the movie, he had to get the power stripped away first for the ceremony. Meaning he already had it.",5
2022-11-28T21:00:04.000Z,@gnastydasavage I just saw it yesterday,5
2022-11-28T21:00:21.000Z,"RT @meganwillissss: Almost 40, married mother of 2, I like black panther marvel spider-man movies, I like rock music. worth a date https://…",9.139
2022-11-28T20:59:58.000Z,"RT @mymixtapez: Actor Tenoch Huerta, who played Namor in Black Panther 2, goes off on Mexican Media outlets who said ‘Blacks &amp; Browns’ can’…",7.0095
2022-11-28T21:00:01.000Z,RT @OptimusGrind__: “Aye that Black Panther chick coming foo” https://t.co/uIEwIY0DEX,5
2022-11-28T21:00:03.000Z,dawwwg 😭😂 https://t.co/Mgxc42RLZD,5
2022-11-28T21:00:18.000Z,RT @OptimusGrind__: “Aye that Black Panther chick coming foo” https://t.co/uIEwIY0DEX,5
2022-11-28T21:00:32.000Z,"What is this? No seriously WHAT IS THIS? My sister I can guarantee you there isn’t a SINGLE individual who unironically supports Zemo. 

It ain’t comparing like with like. https://t.co/rJuobYCqUL",2.779
2022-11-28T21:00:28.000Z,@Frankenfarts It wasn’t great but rsv/ Covid/ and flu all hitting families and being the second choice behind black Panther was a bigger issue,1.623
2022-11-28T21:00:31.000Z,RT @OptimusGrind__: “Aye that Black Panther chick coming foo” https://t.co/uIEwIY0DEX,5
2022-11-28T21:00:38.000Z,"@GamerTeeboy @Jazzyrelli And if you can remember you cannot drink the herb until you fight with people from the other tribes that are within wakanka and you win, only then will you be given the Herb to drink
So you mean he did all that and then return to catch winter soldier??",6.48
2022-11-28T21:00:26.000Z,"RT @MarvelStudios: Show them who we are. Experience Marvel Studios’ Black Panther: Wakanda Forever, only in cinemas 11 November. Get your t…",7.3835
2022-11-28T21:00:49.000Z,RT @OptimusGrind__: “Aye that Black Panther chick coming foo” https://t.co/uIEwIY0DEX,5
2022-11-28T21:00:48.000Z,"RT @awkward_1110: Ross💙2y
#NYCACC #158950 
A handsome black boy...a coat like a panther...not as bold right now😨this young boy is TERRIFIED…",7.787
2022-11-28T21:00:51.000Z,@shaun_harrison @Babypecanx So there’s a comic where he isn’t the first black Panther I’m confused I thought Bashenga was the second.,3.409
2022-11-28T21:00:48.000Z,RT @OptimusGrind__: “Aye that Black Panther chick coming foo” https://t.co/uIEwIY0DEX,5
2022-11-28T21:00:41.000Z,RT @OptimusGrind__: “Aye that Black Panther chick coming foo” https://t.co/uIEwIY0DEX,5
2022-11-28T21:00:57.000Z,none of these r the same ppl eye https://t.co/sXRTenvlpr,5
2022-11-28T21:00:57.000Z,RT @OptimusGrind__: “Aye that Black Panther chick coming foo” https://t.co/uIEwIY0DEX,5
2022-11-28T21:00:58.000Z,@Difizzed didnt consider that movie but i respect that so hard,7.3925
2022-11-28T20:24:11.000Z,@ChelseaChichi3 Ooh same here I do to 🥺,5
2022-11-28T20:24:15.000Z,@meganwillissss Wow you have a dream body,8.5015
2022-11-28T20:24:02.000Z,Finally seeing Black Panther: Wakanda Forever… EXCELLENCE,8.1245
2022-11-28T20:24:10.000Z,RT @OptimusGrind__: “Aye that Black Panther chick coming foo” https://t.co/uIEwIY0DEX,5
2022-11-28T20:24:10.000Z,i was jus shipping myself w him n living vicariously thru her tbh 💘💘💘 https://t.co/3oC6CUiuHf,5
2022-11-28T20:24:15.000Z,RT @shaun_harrison: Concepted a New Disney/Marvel release Bashenga: The First Black Panther. And it’s taking off so let me post here… drop…,3.634
2022-11-28T20:24:11.000Z,"I highly recommend seeing Black Panther Wakanda Forever.  Brilliant storyline,  great acting and perfect follow up to Black Panther. 

#WakandaForever",9.6855
2022-11-28T20:24:23.000Z,RT @DonnahueGeorge: No one going to movies? Black Adam &amp; Black Panther has over $1 Billion globally This just destroys the Hedgies narrativ…,1.4985
2022-11-28T20:24:23.000Z,Black Panther: The 'Recast T'Challa' Movement May Have Been Right About Wakanda Forever https://t.co/8XOamdHGzN,5
2022-11-28T20:24:51.000Z,RT @OptimusGrind__: “Aye that Black Panther chick coming foo” https://t.co/uIEwIY0DEX,5
2022-11-28T20:24:26.000Z,"RT @Jenny30355206: Watch Black Panther Wakanda Forever FOR FREE. #BlackPanther #Marvel #movies #free #comic #Watching 
https://t.co/t9DTAOt…",9.2775
2022-11-28T20:24:30.000Z,RT @OptimusGrind__: “Aye that Black Panther chick coming foo” https://t.co/uIEwIY0DEX,5
2022-11-28T20:24:40.000Z,RT @OptimusGrind__: “Aye that Black Panther chick coming foo” https://t.co/uIEwIY0DEX,5
2022-11-28T20:24:29.000Z,RT @SIfill_: Perverting the mantra of the Black Panther Party - “all power to the people” for his juvenile games. The good news is by the t…,7.787
2022-11-28T20:24:51.000Z,RT @OptimusGrind__: “Aye that Black Panther chick coming foo” https://t.co/uIEwIY0DEX,5
2022-11-28T20:24:29.000Z,"RT @mxpoliakov: Yesterday, even cinemas were open! I watched the new Black Panther movie. I watch every MCU stuff, and this one was above a…",5
2022-11-28T20:24:54.000Z,RT @OptimusGrind__: “Aye that Black Panther chick coming foo” https://t.co/uIEwIY0DEX,5
2022-11-28T20:24:26.000Z,"RT @theblackpanther: A profound take on life and legacy. Critics are hailing Marvel Studios’ BLACK PANTHER: WAKANDA FOREVER as, “emotionall…",5.7655
2022-11-28T20:24:49.000Z,RT @OptimusGrind__: “Aye that Black Panther chick coming foo” https://t.co/uIEwIY0DEX,5
2022-11-28T20:25:06.000Z,"RT @Marvel: Dive into Wakanda’s rich comic book history with the family lineage of its ruler, the Black Panther. Long live the king. 👑 http…",7.787
2022-11-28T20:25:05.000Z,"RT @theblackpanther: A profound take on life and legacy. Critics are hailing Marvel Studios’ BLACK PANTHER: WAKANDA FOREVER as, “emotionall…",5.7655
2022-11-28T20:25:15.000Z,"‘Black Panther: Wakanda Forever’ Is in Theaters. Let’s Talk About It.

https://t.co/5cKQzVegfH https://t.co/Xl3B3263HF",5
2022-11-28T20:25:09.000Z,RT @shaun_harrison: Concepted a New Disney/Marvel release Bashenga: The First Black Panther. And it’s taking off so let me post here… drop…,3.634
2022-11-28T20:25:04.000Z,@JGrsic @E_Coldfire @SpiderWitHyphen No because his race is tied intrinsically with his character. Peter Parker’s is not. Are y’all always gonna keep using that lame ass excuse?,0.99
2022-11-28T20:25:00.000Z,RT @Supreme_Khai_: Yall Black Panther takes stink lol,5.129
2022-11-28T20:25:05.000Z,Black Panther: Wakanda Forever One Word review #MovieReview #BlackPantherWakandaForever #BlackPanther #WakandaForever https://t.co/lL5zi1ep88,5
2022-11-28T20:24:59.000Z,LMFAO IDK WHY THIS SO DAMN FUNNY BUT OMG https://t.co/cmsF02bk82,6.124
2022-11-28T20:24:58.000Z,"RT @Jenny30355206: Watch Black Panther Wakanda Forever FOR FREE. #BlackPanther #Marvel #movies #free #comic #Watching 
https://t.co/t9DTAOt…",9.2775
2022-11-28T20:25:17.000Z,RT @OptimusGrind__: “Aye that Black Panther chick coming foo” https://t.co/uIEwIY0DEX,5
2022-11-28T20:25:17.000Z,bunnyismessy: On another note about Black Panther…. ANGELA BASSETT LOOKS ABSOLUTELY STUNNING AND IS JACKED . I can only hope my arms will have HALF the definition hers does when I get to be 64 years old. SHEEESH https://t.co/RT5LIgDhQt,8.632
2022-11-28T20:25:23.000Z,RT @OptimusGrind__: “Aye that Black Panther chick coming foo” https://t.co/uIEwIY0DEX,5
2022-11-28T20:26:06.000Z,Ryan Gosling en black Panther sa arrive fort la team https://t.co/2tFTI7nnwb,5
2022-11-28T20:25:45.000Z,RT @DonnahueGeorge: No one going to movies? Black Adam &amp; Black Panther has over $1 Billion globally This just destroys the Hedgies narrativ…,1.4985
2022-11-28T20:25:57.000Z,"@Starswithtigers Aye.
And with Black Panther I really wanted to like it, so the movie had that going for it.
With Shang-Chi I had already given up hope.

Maybe they could have had Shang-Chi guest star in a couple of movies first, and without his sassy sidekicks.",7.072
2022-11-28T20:25:27.000Z,angela bassett should get an award for that one scene in black panther,7.7115
2022-11-28T20:25:40.000Z,"RT @awkward_1110: Ross💙2y
#NYCACC #158950 
A handsome black boy...a coat like a panther...not as bold right now😨this young boy is TERRIFIED…",7.787
2022-11-28T20:25:30.000Z,RT @TheMarvelFocus: Marvel Studios has started the well deserved Best Picture campaign for Black Panther: #WakandaForever for the Oscars! h…,9.221
2022-11-28T20:25:40.000Z,Random AF: Just cackled remembering how much @ItsMontez loved Rihanna’s outro in Black Panther! 😂,7.997
2022-11-28T20:25:42.000Z,RT @OptimusGrind__: “Aye that Black Panther chick coming foo” https://t.co/uIEwIY0DEX,5
2022-11-28T20:26:14.000Z,RT @OptimusGrind__: “Aye that Black Panther chick coming foo” https://t.co/uIEwIY0DEX,5
2022-11-28T20:26:35.000Z,RT @4chanGreen: Anon watches Black Panther https://t.co/hu4dE8aMRX,5
2022-11-28T20:26:26.000Z,"RT @Jenny30355206: Watch Black Panther Wakanda Forever FOR FREE. #BlackPanther #Marvel #movies #free #comic #Watching 
https://t.co/t9DTAOt…",9.2775
2022-11-28T20:26:26.000Z,NO! I'm the Black Panther and I'm here for retribution.,3.52
2022-11-28T20:26:51.000Z,RT @mcucomfort: the cast of black panther &lt;3 https://t.co/drmVMoZSHK,5
2022-11-28T20:26:45.000Z,"RT @MarvelStudios: A profound take on life and legacy. Critics are hailing Marvel Studios’ BLACK PANTHER: WAKANDA FOREVER as, “emotionally…",5.7655
2022-11-28T20:26:36.000Z,RT @AjaneeOfficial: Went to see Black Panther 2 and slept the ENTIRE time 🥺,5.386
2022-11-28T20:26:34.000Z,"@FuzzyLombax416 @nyapolitan_AD awwww u guys are cute, id love to see more of it ^^",9.01
2022-11-28T20:26:47.000Z,@hyper2050 He was affiliated with gang members and if you’re really about the music — you’d know this. Cut the shxt,3.327
2022-11-28T20:26:42.000Z,LMFAO I thought this was benzino https://t.co/Wgz7or5ovS,7.7115
2022-11-28T20:27:27.000Z,RT @OptimusGrind__: “Aye that Black Panther chick coming foo” https://t.co/uIEwIY0DEX,5
2022-11-28T20:27:03.000Z,RT @OptimusGrind__: “Aye that Black Panther chick coming foo” https://t.co/uIEwIY0DEX,5
2022-11-28T20:26:56.000Z,"Aight, so I’ve seen Black Panther: Wakanda Forever twice now and I’ve come away with my take with relative confidence…it is AVERAGE/MIDDLE/REGULAR. The positive take away is that my daughter felt empowered. I, however, walked away well rested from my nap - twice. 🤷🏾‍♂️",8.454
2022-11-28T20:27:26.000Z,RT @Somethingabtz: Just saw Black Panther 2 and pretty much it’s just the Mexicans threatening &amp; killing black people. And of course the bl…,3.75
2022-11-28T20:27:31.000Z,"RT @Jenny30355206: Watch Black Panther Wakanda Forever FOR FREE. #BlackPanther #Marvel #movies #free #comic #Watching 
https://t.co/t9DTAOt…",9.2775
2022-11-28T20:27:07.000Z,"@BoundingComics Disney wanted this film to fail.

Little to no marketing; sandwiched between Black Panther 2 and Avatar 2; little to know foreign markets to distribute this film to.

In an age where Top Gun: Maverick and Minions: The Rise of Gru are earning money at the box office, this flops.",1.9705
2022-11-28T20:27:45.000Z,@benonwine Black panther,5
2022-11-28T20:27:28.000Z,"Titan A.E., The Meg, Black Panther, Queen and Slim https://t.co/CxRKslYC4M",5
2022-11-28T20:27:40.000Z,"the ""have I not given everything"" scene",5
2022-11-28T20:27:23.000Z,RT @OptimusGrind__: “Aye that Black Panther chick coming foo” https://t.co/uIEwIY0DEX,5
2022-11-28T20:27:57.000Z,"RT @guilleeduard: Widget: Black Panther, PayPal link 
https://t.co/q5UqD5GXbO... EDITED BY ME 

Weather Sl7 https://t.co/gEUnUPnMnI…
Both b…",5
2022-11-28T20:27:55.000Z,@owillis Ok but Oliver ever since you started following me I've felt like your Twitter excellence is forcing me to improve my own Twitter game and internally/cognitively that pressure sometimes feels like violence which I'm pretty sure at least technically makes you a militant so...,9.734
2022-11-28T20:27:57.000Z,"RT @DailyLoud: Actor Tenoch Huerta, who played “Namor” in Black Panther 2, goes off on racist Mexican Media outlets who said “Blacks &amp; Brow…",3.409
2022-11-28T20:28:05.000Z,RT @OptimusGrind__: “Aye that Black Panther chick coming foo” https://t.co/uIEwIY0DEX,5
2022-11-28T20:27:48.000Z,this is so funny to me because haechan himself picked BP because he LIKED the character but y’all see black panther and think it’s about skin colour so… who’s the problem here??? https://t.co/VVFDxuYEvf https://t.co/1xBXReQ4Nc,4.1415
2022-11-28T20:28:08.000Z,"@Esko I don't have Venom or Black Panther. Looking forward to the next update when there will be ways to get specific cards we want.

I was stuck at level 38 for a long time, the big grind this week was to get to 60. Everyone I'm playing has nasty control decks :/",2.5305
2022-11-28T20:28:13.000Z,RT @OptimusGrind__: “Aye that Black Panther chick coming foo” https://t.co/uIEwIY0DEX,5
2022-11-28T20:28:00.000Z,"A few weeks back, Disney invited me to a screening of #WakandaForever. Read my nearly 3,000-word review below. 

https://t.co/0MNM6sviZO",5
2022-11-28T20:28:15.000Z,"@KevinWi81820766 As it should. Black Panther was an anti white/male/American propagandist screed wrapped up in, what I can’t deny, a decent super hero flic.  I have to watch in order to help my kid see the social programming.  Sick.",4.4735
2022-11-28T20:27:57.000Z,RT @bpanthernews: The Oscar’s Best Picture campaign for Black Panther: #WakandaForever has started! https://t.co/6vWOIHdDNt,8.1845
2022-11-28T20:28:25.000Z,“uglyno” you thought you did something lol,7.1075
2022-11-28T20:28:41.000Z,Black panther was very good yall bunch of haters,4.991
2022-11-28T20:28:35.000Z,RT @OptimusGrind__: “Aye that Black Panther chick coming foo” https://t.co/uIEwIY0DEX,5
2022-11-28T20:28:26.000Z,@LocalSoundwave I like to think they're also faithful in the sense that there's way too many of them for me to care about,9.1125
2022-11-28T20:28:45.000Z,RT @OptimusGrind__: “Aye that Black Panther chick coming foo” https://t.co/uIEwIY0DEX,5
2022-11-28T20:28:56.000Z,"@gaialect worst part is, i was 🍃.  i swear i was not having a good time but it also sounded pretty?? lmao",9.036
2022-11-28T20:28:47.000Z,@Xbox Awesome BlackPanther style #XboxWakandaForeverSweepstakes.,8.1245
2022-11-28T20:28:33.000Z,"@YouLikeThisNow @stgabeshs @MacDay20 @Boldore4304 @DivyDontDie @Noob44825452 @eaphen @FilmOdysseyMCU Great take......but sadly it won't happen....unless the multiverse thing happens an ...yeah,y'all the experts I'm  not  really good at explaining these plot  details...ha",4.5845
2022-11-28T20:28:37.000Z,Still haven't seen black panther 2 I'll probably go this weekend,3.194
2022-11-28T20:28:15.000Z,@CoachMarcNolan @barbiehines @MooseHunter150 @jp262 As if Christmas isn’t made up either 😂,5
2022-11-28T20:29:18.000Z,RT @OptimusGrind__: “Aye that Black Panther chick coming foo” https://t.co/uIEwIY0DEX,5
2022-11-28T20:29:13.000Z,RT @OptimusGrind__: “Aye that Black Panther chick coming foo” https://t.co/uIEwIY0DEX,5
2022-11-28T20:29:26.000Z,"RT @MarvelStudios: A profound take on life and legacy. Critics are hailing Marvel Studios’ BLACK PANTHER: WAKANDA FOREVER as, “emotionally…",5.7655
2022-11-28T20:29:09.000Z,RT @OptimusGrind__: “Aye that Black Panther chick coming foo” https://t.co/uIEwIY0DEX,5
2022-11-28T20:29:08.000Z,RT @OptimusGrind__: “Aye that Black Panther chick coming foo” https://t.co/uIEwIY0DEX,5
2022-11-28T20:29:15.000Z,@Derry_Man1 Black Panter was decent.,5
2022-11-28T20:29:07.000Z,"RT @MarvelStudios: A profound take on life and legacy. Critics are hailing Marvel Studios’ BLACK PANTHER: WAKANDA FOREVER as, “emotionally…",5.7655
2022-11-28T20:29:27.000Z,"“Ahhh don’t look at me, don’t look at me Shuri !” https://t.co/z9A3qHbsTv",5
2022-11-28T20:29:02.000Z,Why I ain’t seeen black panther still,5
2022-11-28T20:29:37.000Z,RT @OptimusGrind__: “Aye that Black Panther chick coming foo” https://t.co/uIEwIY0DEX,5
2022-11-28T20:30:15.000Z,RT @OptimusGrind__: “Aye that Black Panther chick coming foo” https://t.co/uIEwIY0DEX,5
2022-11-28T20:29:38.000Z,RT @OptimusGrind__: “Aye that Black Panther chick coming foo” https://t.co/uIEwIY0DEX,5
2022-11-28T20:30:02.000Z,"I don't know who you are, but you are the ugliest https://t.co/MdzTWdzG9r",1.3245
2022-11-28T20:29:39.000Z,RT @OptimusGrind__: “Aye that Black Panther chick coming foo” https://t.co/uIEwIY0DEX,5
2022-11-28T20:29:53.000Z,RT @OptimusGrind__: “Aye that Black Panther chick coming foo” https://t.co/uIEwIY0DEX,5
2022-11-28T20:30:12.000Z,@jennifermclaren Eek... Hope it was worth it,7.9295
2022-11-28T20:30:30.000Z,"RT @MarvelStudios: A profound take on life and legacy. Critics are hailing Marvel Studios’ BLACK PANTHER: WAKANDA FOREVER as, “emotionally…",5.7655
2022-11-28T20:30:27.000Z,"RT @owillis: the usual suspects will claim its because the movie is ""woke"" (somehow not the same for the black panther and encanto) but its…",4.1105
2022-11-28T20:30:16.000Z,@bearded_blerdd1 @the_dyhbg2 @iamcleotrapa I made one valid point and voiced interest in the black panther characters future. Where the ignorance? https://t.co/8Bd7q21rPM,5.64
2022-11-28T20:30:26.000Z,"GameStop [$12.99]: Funko POP! Marvel Black Panther: Wakanda Forever King Namor 5.7-in Vinyl Bobblehead (Release Date: 03/24/2023)

🛍 https://t.co/MoRft0y6P7

GameStop exclusive Pops: https://t.co/ihqBRus2TB

#funkopop

⏰ 14:30:25 #ad https://t.co/TTtArbArCC",7.553
2022-11-28T20:30:53.000Z,@dinero24kid @QueensoftheR @RayJack97010720 It's fiction dude.,5
2022-11-28T20:30:32.000Z,RT @FunkoDrop: GameStop [$12.99]: Funko POP! Marvel Black Panther: Wakanda Forever King Namor 5.7-in Vinyl Bobblehead (Release Date: 03/24/…,7.1075
2022-11-28T20:30:44.000Z,On my way to go see Black Panther!,5
2022-11-28T20:30:36.000Z,RT @OptimusGrind__: “Aye that Black Panther chick coming foo” https://t.co/uIEwIY0DEX,5
2022-11-28T20:31:08.000Z,"RT @MCU_Direct: #MarvelStudios has begun #WakandaForever's Oscars campaign with a new ""For Your Consideration"" poster! Details: https://t.c…",5
2022-11-28T20:30:54.000Z,I’m not really a super hero fan. I don’t really want to see Black Panther but i feel like I have to 😩 it’s an assignment,5.723
2022-11-28T20:30:45.000Z,RT @OptimusGrind__: “Aye that Black Panther chick coming foo” https://t.co/uIEwIY0DEX,5
2022-11-28T20:31:09.000Z,"“Destroy Wakanda….party with bitches”
“Swim in the seaweed, big ass titties”
“Be King of the Sea, or get in between, those titties!” https://t.co/uJFiJfuDx2",1.047
2022-11-28T20:30:52.000Z,RT @OptimusGrind__: “Aye that Black Panther chick coming foo” https://t.co/uIEwIY0DEX,5
2022-11-28T20:31:09.000Z,RT @OptimusGrind__: “Aye that Black Panther chick coming foo” https://t.co/uIEwIY0DEX,5
2022-11-28T20:31:18.000Z,will you be holding them accountable by calling them ugly?? or is it just for jeno because you hate him. fucking hypocrite. https://t.co/7IwytFtBql https://t.co/1xBXReQ4Nc,1.047
2022-11-28T20:31:22.000Z,RT @OptimusGrind__: “Aye that Black Panther chick coming foo” https://t.co/uIEwIY0DEX,5
2022-11-28T20:31:16.000Z,"RT @Melroseradionyc: 😦……..Wait!….What!?….Huh?

The movie is called “Black Panther” but every publication and outlet reporting on it is only…",5
2022-11-28T20:31:10.000Z,RT @gaialect: the siren song in black panther was so scary…,1.8655
2022-11-28T20:31:26.000Z,"black panther spoilers 
-
-
-
-
-
FAWWKKK https://t.co/mOiyD0NLDm",5
2022-11-28T20:31:34.000Z,"RT @theblackpanther: A profound take on life and legacy. Critics are hailing Marvel Studios’ BLACK PANTHER: WAKANDA FOREVER as, “emotionall…",5.7655
2022-11-28T20:31:27.000Z,RT @FunkoDrop: GameStop [$12.99]: Funko POP! Marvel Black Panther: Wakanda Forever King Namor 5.7-in Vinyl Bobblehead (Release Date: 03/24/…,7.1075
2022-11-28T20:31:38.000Z,You mad no valid points..now shoo out my mentions…. https://t.co/f3K1vip7rt,1.7015
2022-11-28T20:31:38.000Z,"RT @Xbox: Join the fight for Wakanda!

Follow &amp; RT with #XboxWakandaForeverSweepstakes for your chance to win a custom Black Panther: Wakan…",8.2985
2022-11-28T20:31:40.000Z,"RT @MarvelStudios: A profound take on life and legacy. Critics are hailing Marvel Studios’ BLACK PANTHER: WAKANDA FOREVER as, “emotionally…",5.7655
2022-11-28T20:31:42.000Z,RT @OptimusGrind__: “Aye that Black Panther chick coming foo” https://t.co/uIEwIY0DEX,5
2022-11-28T20:31:50.000Z,"Wakanda Forever was about Shuri’s grief and how it twisted her and warped her down a path that could’ve made her Killmonger, but instead, she had the compassion of her brother. Not only does the recast not work because of morality, it doesn’t work THEMATICALLY.",7.202
2022-11-28T20:31:52.000Z,I forgot this movie came out. I heard it was good. https://t.co/I8Y06BxR6y,7.202
2022-11-28T20:31:49.000Z,Civil War’s entire message was about grief and the effects it has on people. T’Challa’s arc was overcoming his grief and leaving revenge behind. Black Panther was about the effects grief had on Erik and how it led him on a quest of bloodshed and revenge.,0.181
2022-11-28T20:31:46.000Z,"YouTube'da ""Rihanna - Lift Me Up (From Black Panther: Wakanda Forever)"" videosunu izleyin https://t.co/FLLgz9Tarz",5
2022-11-28T20:31:55.000Z,RT @OptimusGrind__: “Aye that Black Panther chick coming foo” https://t.co/uIEwIY0DEX,5
2022-11-28T20:31:59.000Z,"All I wanted to do was watch Black Panther.

And now I have to stay home waiting for a call.

This sucks.",3.194
2022-11-28T20:31:54.000Z,RT @OptimusGrind__: “Aye that Black Panther chick coming foo” https://t.co/uIEwIY0DEX,5
2022-11-28T20:32:04.000Z,RT @OptimusGrind__: “Aye that Black Panther chick coming foo” https://t.co/uIEwIY0DEX,5
2022-11-28T20:31:55.000Z,"I keep seeing these takes &amp; the movie has been out for less than a week, was marketed poorly &amp; confusedly, was up against a one-week engagement plus Black Panther, etc. Give it longer than 30 seconds before attaching “indicative”, good god https://t.co/qCVIrl1ZYD",8.8585
2022-11-28T20:32:00.000Z,Black Panther: Wakanda Forever was really good!,7.4635
2022-11-28T20:32:14.000Z,I still haven’t seen the new Black Panther but I’m hearing mixed reviews,5
2022-11-28T20:32:27.000Z,"My child went to the cinemas last week &amp; watched Black Panther with her aunties (my younger sisters).

Now I'm looking for a person/people to go watch with me😅",5
2022-11-28T20:32:13.000Z,"RT @theblackpanther: A profound take on life and legacy. Critics are hailing Marvel Studios’ BLACK PANTHER: WAKANDA FOREVER as, “emotionall…",5.7655
2022-11-28T20:32:10.000Z,"Black Panther Wakanda Forever is the best of the the post Avengers Endgame MCU films it had an emotional depth most superhero films don't have, if it gets mentioned for oscars then Angela Bassett should be considered for best actress #BlackPantherWakandaForever #BlackPanther #MCU",9.375
2022-11-28T20:32:29.000Z,"RT @Jenny30355206: Watch Black Panther Wakanda Forever FOR FREE. #BlackPanther #Marvel #movies #free #comic #Watching 
https://t.co/t9DTAOt…",9.2775
2022-11-28T20:32:30.000Z,Black Panther was really a 8/10,5
2022-11-28T20:32:40.000Z,RT @bpanthernews: The Oscar’s Best Picture campaign for Black Panther: #WakandaForever has started! https://t.co/6vWOIHdDNt,8.1845
2022-11-28T20:32:34.000Z,RT @TheMarvelFocus: Marvel Studios has started the well deserved Best Picture campaign for Black Panther: #WakandaForever for the Oscars! h…,9.221
2022-11-28T20:32:55.000Z,RT @OptimusGrind__: “Aye that Black Panther chick coming foo” https://t.co/uIEwIY0DEX,5
2022-11-28T20:33:07.000Z,RT @OptimusGrind__: “Aye that Black Panther chick coming foo” https://t.co/uIEwIY0DEX,5
2022-11-28T20:32:48.000Z,@iamcleotrapa They really turned black panther into a POC movie LMFAOOO,5
2022-11-28T20:32:57.000Z,RT @OptimusGrind__: “Aye that Black Panther chick coming foo” https://t.co/uIEwIY0DEX,5
2022-11-28T20:32:44.000Z,RT @DonnahueGeorge: No one going to movies? Black Adam &amp; Black Panther has over $1 Billion globally This just destroys the Hedgies narrativ…,1.4985
2022-11-28T20:32:43.000Z,RT @mcucomfort: the cast of black panther &lt;3 https://t.co/drmVMoZSHK,5
2022-11-28T20:33:06.000Z,"@brettness37 I like to throw Cosmo in from time to time just to ruin plans. 

I hated the day(s) where Bifrost was a featured location. I don’t play moves well and as soon as Human Torch or Vulture popped up I knew it was going to be rough.",0.464
2022-11-28T20:32:45.000Z,RT @BuzzingPop: Tenoch Huerta on set of ‘Black Panther: #WakandaForever’. https://t.co/1GaWOoqkWq,5
2022-11-28T20:33:22.000Z,"Revolution in Our Time: The Black Panther Party's Promise to the People RM8XLAR

https://t.co/pZv7Moj60k",6.591
2022-11-28T20:33:21.000Z,I liked black Panther but I think it was overhyped,6.1315
2022-11-28T20:33:09.000Z,RT @OptimusGrind__: “Aye that Black Panther chick coming foo” https://t.co/uIEwIY0DEX,5
2022-11-28T20:33:16.000Z,@shaad1k @the_dyhbg2 @iamcleotrapa You mad 0 valid points….read a comic …you also paid for Twitter blue …with 121 followers..🌽🏀 behavior,3.091
2022-11-28T20:33:31.000Z,"An extended cut for ‘BLACK PANTHER: WAKANDA FOREVER’ is reportedly releasing sometime soon.

(Via: https://t.co/AuRL5Y0PPd) https://t.co/KDLWKnUxUU",3.634
2022-11-28T20:33:09.000Z,RT @OptimusGrind__: “Aye that Black Panther chick coming foo” https://t.co/uIEwIY0DEX,5
2022-11-28T20:33:17.000Z,RT @OptimusGrind__: “Aye that Black Panther chick coming foo” https://t.co/uIEwIY0DEX,5
2022-11-28T20:33:20.000Z,Still ain’t seen Black Panther smh,3.409
2022-11-28T20:33:37.000Z,@tipsyrealitytv I feel like I owe it to Chad 😭,6.806
2022-11-28T20:33:53.000Z,"RT @hollywoodhandle: An extended cut for ‘BLACK PANTHER: WAKANDA FOREVER’ is reportedly releasing sometime soon.

(Via: https://t.co/AuRL5Y…",3.634
2022-11-28T20:34:10.000Z,RT @Somethingabtz: Just saw Black Panther 2 and pretty much it’s just the Mexicans threatening &amp; killing black people. And of course the bl…,3.75
2022-11-28T20:33:35.000Z,RT @mcucomfort: the cast of black panther &lt;3 https://t.co/drmVMoZSHK,5
2022-11-28T20:34:09.000Z,RT @EBONY: #ad Black Panther was a movie that filled hearts across generations &amp; showcased representation in ways we’ve never seen. With th…,5
2022-11-28T20:34:02.000Z,@Karahuset I didn't even know about this movie til I went to see Black Panther &amp; they did a trailer for it https://t.co/huYnMUMT5I,5
2022-11-28T20:33:33.000Z,@owillis I hadn’t even heard of it until now,5
2022-11-28T20:33:53.000Z,RT @OptimusGrind__: “Aye that Black Panther chick coming foo” https://t.co/uIEwIY0DEX,5
2022-11-28T20:34:02.000Z,"@EZTimmeh @Jamesdad76 @CultureCrave @TheWrap It’s honestly a really great movie. The previous post was underselling it quite a bit. Personally the story telling and character building was better in this movie than in black Panther 1, but BP1 had better action sequences. It’s a must watch definitely though",9.608
2022-11-28T20:34:08.000Z,RT @OptimusGrind__: “Aye that Black Panther chick coming foo” https://t.co/uIEwIY0DEX,5
2022-11-28T20:34:19.000Z,RT @OptimusGrind__: “Aye that Black Panther chick coming foo” https://t.co/uIEwIY0DEX,5
2022-11-28T20:34:34.000Z,RT @OptimusGrind__: “Aye that Black Panther chick coming foo” https://t.co/uIEwIY0DEX,5
2022-11-28T20:34:39.000Z,RT @OptimusGrind__: “Aye that Black Panther chick coming foo” https://t.co/uIEwIY0DEX,5
2022-11-28T20:34:22.000Z,RT @OptimusGrind__: “Aye that Black Panther chick coming foo” https://t.co/uIEwIY0DEX,5
2022-11-28T20:34:21.000Z,"Don’t miss the #1 movie in the world.

Marvel Studios’ Black Panther: Wakanda Forever is now playing! https://t.co/tjLf9dJe4o",6.2755
2022-11-28T20:34:44.000Z,RT @OptimusGrind__: “Aye that Black Panther chick coming foo” https://t.co/uIEwIY0DEX,5
2022-11-28T20:34:24.000Z,RT @OptimusGrind__: “Aye that Black Panther chick coming foo” https://t.co/uIEwIY0DEX,5
2022-11-28T20:34:38.000Z,@Brownie2279 Black panther for people in Kentucky,5
2022-11-28T20:34:44.000Z,"RT @MarvelStudios: A profound take on life and legacy. Critics are hailing Marvel Studios’ BLACK PANTHER: WAKANDA FOREVER as, “emotionally…",5.7655
2022-11-28T20:34:45.000Z,"Also it’s awards bait, which means the marketing campaign wasn’t for box office in the first place; not a family movie so a poor choice for thanksgiving weekend; I could go on. Stop analyzing before you read",2.538
2022-11-28T20:47:01.000Z,RT @OptimusGrind__: “Aye that Black Panther chick coming foo” https://t.co/uIEwIY0DEX,5
2022-11-28T20:47:03.000Z,"RT @Jenny30355206: Watch Black Panther Wakanda Forever FOR FREE. #BlackPanther #Marvel #movies #free #comic #Watching 
https://t.co/t9DTAOt…",9.2775
2022-11-28T20:47:11.000Z,Nigga 😭😭😭😭😭😭😭😭😭😭😭 https://t.co/ttKe5rjJCS,5
2022-11-28T20:34:48.000Z,RT @OptimusGrind__: “Aye that Black Panther chick coming foo” https://t.co/uIEwIY0DEX,5
2022-11-28T20:47:09.000Z,im betting another mcu  black panther movie or short,5
2022-11-28T20:34:51.000Z,"RT @theblackpanther: A profound take on life and legacy. Critics are hailing Marvel Studios’ BLACK PANTHER: WAKANDA FOREVER as, “emotionall…",5.7655
2022-11-28T20:47:27.000Z,Let's also cast Jack Black as Black Panther and Pete Davidson as Captain Brittian while we're at it. https://t.co/tGfuoKS3Ts,5
2022-11-28T20:34:51.000Z,"RT @hollywoodhandle: An extended cut for ‘BLACK PANTHER: WAKANDA FOREVER’ is reportedly releasing sometime soon.

(Via: https://t.co/AuRL5Y…",3.634
2022-11-28T20:46:58.000Z,@RayyvanaTTV I named mine Black Velvet,5
2022-11-28T20:47:28.000Z,RT @OptimusGrind__: “Aye that Black Panther chick coming foo” https://t.co/uIEwIY0DEX,5
2022-11-28T20:47:51.000Z,"17 Cyclo
18 Doctor Slone
19 Sash Sergeant 
20 Despacito Man https://t.co/VHsh02KnvX",5.7655
2022-11-28T20:47:47.000Z,"@GamerTeeboy @Jazzyrelli Did you not watch civil war? After his father died he didn't return to wakanda, we just saw him with the suit on, i know every hero travel with his suit so maybe the suit he used is his dad's
He drank the herb in the Black panther movies that is after civil war",8.712
2022-11-28T20:47:39.000Z,"@erikosterholm Very true. This feels like one facet of our essential national problem.

(I finally saw it yesterday, in a mostly empty theater. It was great!)",9.1785
2022-11-28T20:47:43.000Z,RT @OptimusGrind__: “Aye that Black Panther chick coming foo” https://t.co/uIEwIY0DEX,5
2022-11-28T20:47:49.000Z,"RT @Jenny30355206: Watch Black Panther Wakanda Forever FOR FREE. #BlackPanther #Marvel #movies #free #comic #Watching 
https://t.co/t9DTAOt…",9.2775
2022-11-28T20:47:48.000Z,RT @OptimusGrind__: “Aye that Black Panther chick coming foo” https://t.co/uIEwIY0DEX,5
2022-11-28T20:47:43.000Z,"13 Black Panther
14 The Scientist
15 Deadpool
16 Giddy Up https://t.co/ZZc95ZXcqc",4.614
2022-11-28T20:47:51.000Z,Black Panther Wakanda Forever MISOGYNY? The HATE Is Real! So We Have A D... https://t.co/02naOYbIo0 via @YouTube,2.1405
2022-11-28T20:47:52.000Z,RT @OptimusGrind__: “Aye that Black Panther chick coming foo” https://t.co/uIEwIY0DEX,5
2022-11-28T20:48:39.000Z,RT @OptimusGrind__: “Aye that Black Panther chick coming foo” https://t.co/uIEwIY0DEX,5
2022-11-28T20:48:22.000Z,RT @OptimusGrind__: “Aye that Black Panther chick coming foo” https://t.co/uIEwIY0DEX,5
2022-11-28T20:48:21.000Z,@Disneyland I was at Disneyland last week and have no interest in that,6.0115
2022-11-28T20:48:28.000Z,RT @OptimusGrind__: “Aye that Black Panther chick coming foo” https://t.co/uIEwIY0DEX,5
2022-11-28T20:48:06.000Z,RT @OptimusGrind__: “Aye that Black Panther chick coming foo” https://t.co/uIEwIY0DEX,5
2022-11-28T20:48:04.000Z,RT @OptimusGrind__: “Aye that Black Panther chick coming foo” https://t.co/uIEwIY0DEX,5
2022-11-28T20:48:14.000Z,"RT @DailyLoud: Actor Tenoch Huerta, who played “Namor” in Black Panther 2, goes off on racist Mexican Media outlets who said “Blacks &amp; Brow…",3.409
2022-11-28T20:48:23.000Z,imma keep my mouth shut. https://t.co/boyHWUEZxi,5
2022-11-28T20:48:43.000Z,"This dope ass gold Black Panther car at #TokyoComicCon just confirms one thing, #KillmongerWasRight https://t.co/ODzbyfC73i",2.2885
2022-11-28T20:48:55.000Z,"New art for sale! ""Black Panther"". Buy it at: https://t.co/y9YvWYNRC8 https://t.co/3Np6HObPFg",5
2022-11-28T20:48:52.000Z,"RT @theblackpanther: A profound take on life and legacy. Critics are hailing Marvel Studios’ BLACK PANTHER: WAKANDA FOREVER as, “emotionall…",5.7655
2022-11-28T20:48:47.000Z,"Black panther was really good , I was just sleep for half of it 😭😭",7.4635
2022-11-28T20:48:53.000Z,"RT @theblackpanther: A profound take on life and legacy. Critics are hailing Marvel Studios’ BLACK PANTHER: WAKANDA FOREVER as, “emotionall…",5.7655
2022-11-28T20:48:59.000Z,"RT @MarvelStudios: A profound take on life and legacy. Critics are hailing Marvel Studios’ BLACK PANTHER: WAKANDA FOREVER as, “emotionally…",5.7655
2022-11-28T20:49:01.000Z,"“Don’t look at me, don’t look at me, Shuri!” https://t.co/USuuWteqGp",5
2022-11-28T20:48:48.000Z,"RT @MarvelStudios: A profound take on life and legacy. Critics are hailing Marvel Studios’ BLACK PANTHER: WAKANDA FOREVER as, “emotionally…",5.7655
2022-11-28T20:48:41.000Z,@TheDisneyBlog What is in the contract that makes Guardians ok but not Black Panther? Is there something Black Panther at Universal?,5.7655
2022-11-28T20:48:57.000Z,RT @OptimusGrind__: “Aye that Black Panther chick coming foo” https://t.co/uIEwIY0DEX,5
2022-11-28T20:49:10.000Z,"RT @Jenny30355206: Watch Black Panther Wakanda Forever FOR FREE. #BlackPanther #Marvel #movies #free #comic #Watching 
https://t.co/t9DTAOt…",9.2775
2022-11-28T20:49:05.000Z,RT @OptimusGrind__: “Aye that Black Panther chick coming foo” https://t.co/uIEwIY0DEX,5
2022-11-28T20:49:07.000Z,"RT @GiveBloodNHS: We’re celebrating the release of Black Panther: #WakandaForever to inspire people to give blood.

Stand up for your commu…",9.063
2022-11-28T20:49:11.000Z,RT @OptimusGrind__: “Aye that Black Panther chick coming foo” https://t.co/uIEwIY0DEX,5
2022-11-28T20:49:29.000Z,"RT @MarvelStudios: A profound take on life and legacy. Critics are hailing Marvel Studios’ BLACK PANTHER: WAKANDA FOREVER as, “emotionally…",5.7655
2022-11-28T20:49:18.000Z,RT @OptimusGrind__: “Aye that Black Panther chick coming foo” https://t.co/uIEwIY0DEX,5
2022-11-28T20:49:39.000Z,Tenoch Huerta’s Bulge Wasn’t Edited Out Of Black Panther https://t.co/5225pQW2B5,5
2022-11-28T20:49:40.000Z,RT @OptimusGrind__: “Aye that Black Panther chick coming foo” https://t.co/uIEwIY0DEX,5
2022-11-28T20:49:14.000Z,RT @OptimusGrind__: “Aye that Black Panther chick coming foo” https://t.co/uIEwIY0DEX,5
2022-11-28T20:49:39.000Z,RT @OptimusGrind__: “Aye that Black Panther chick coming foo” https://t.co/uIEwIY0DEX,5
2022-11-28T20:49:49.000Z,RT @OptimusGrind__: “Aye that Black Panther chick coming foo” https://t.co/uIEwIY0DEX,5
2022-11-28T20:49:41.000Z,LMFAOOOOOO dawg https://t.co/cCgVQu3XPS,5