created_at,text,sentiment_score
2022-11-28T20:02:11.000Z,The Ending of ‘Glass Onion: A Knives Out Mystery’ Brutally Mocks Elon Musk-Type CEOs https://t.co/bpFbfhaHlw,1.047
2022-11-28T20:01:50.000Z,Daniel Craig showing up in Glass Onion is among the most excited I’ve seen an audience get this year. People love that guy. This is such a perfect post-Bond for him,9.454
2022-11-28T20:02:41.000Z,"nope, eeaao, the woman king, glass onion, the batman, pearl, bp wakanda forever, the menu... this year in movies has been so much fun",7.771
2022-11-28T20:03:27.000Z,"Are you looking for a casual, sport fitting, fashion style women wear at an affordable friendly rate? 
Check out Sollarmint Stores, they give you all your wears at an affordable price with a 15% off the shipping of your first order with the code WELCOME15
https://t.co/hFHD5UVYKy https://t.co/aVH87vgxMo",8.243
2022-11-28T20:03:00.000Z,man knives out: glass onion is so extremely fun,7.978
2022-11-28T20:03:55.000Z,@akirakibo it wont be on next sunday its only 1 week limited theatre release :(((((,4.2345
2022-11-28T20:04:18.000Z,"@favouritefi I want to dress like him, I want to be him, I love him",9.037
2022-11-28T20:04:34.000Z,"@scottEmovienerd I'm guessing when the date was confirmed they were considering a larger release, and then corporate bureaucracy prevented either date from moving. (I hold out a conspiratorial sliver of hope they'll increase the run after its present success.)",9.201
2022-11-28T20:04:09.000Z,"Also, Janelle Monáe is awesome, but that was true before this",8.6955
2022-11-28T20:06:33.000Z,So THIS is why I didn't like the menu https://t.co/5mhdKxmhT2,3.6225
2022-11-28T20:05:57.000Z,"@cutpriceguignol Damn, that's a shame. I'll almost certainly still watch it though.",1.213
2022-11-28T20:05:24.000Z,@scottEmovienerd Knives Out was my all time favorite but Glass Onion was even better. Hopefully after the third Netflix gives up rights,9.2775
2022-11-28T20:07:46.000Z,"@beastobsessed Just saw this yesterday and thought it was awful. Characters were flat, Daniel Craig dominated everything, first half hour was giant non sequitur. Train wreck. How's it doing on rotten tomatoes? 93%...figures.",0.7595
2022-11-28T20:07:53.000Z,Same. I own a wonderful steelbook of the original and I'd love to be able to but a similar version of this one @netflix https://t.co/ww22is8KZ5,8.404
2022-11-28T20:07:52.000Z,"RT @MarienneMaid: So help me if Netflix doesn’t have extras for Glass Onion, specifically the wardrobe department 😤😤😤",7.288
2022-11-28T20:08:45.000Z,@KnivesOut ok not bad,8.0935
2022-11-28T20:10:10.000Z,Glass Onion is so goddamn fun. They need to make a million of these movies,4.47
2022-11-28T20:10:06.000Z,"It's 8pm, leaving the house for Glass Onion, so that I can squeeze in two other films tomorrow😂 영화니까 이렇게 한다 nothing else will ever make me get out of my warm house on a winter night",6.1315
2022-11-28T20:11:15.000Z,dk bout you but i loved glass onion,8.7345
2022-11-28T20:11:44.000Z,@glassdurden WHERE ARE YOU WATCHING THIS PLEASE I CAN’T WAIT EITHER,6.9345
2022-11-28T20:12:42.000Z,Glass Onion was an absolute treat that deserves far more than a one-week run in theaters. Watching how both its timely themes and structure evolved and intersected over the course of 2.5 hours made for one of the most engaging experiences I’ve had watching a movie this year.,8.295
2022-11-28T20:13:53.000Z,"RT @FriendBreakfast: is glass onion good? like, is it tasty? i mean as a movie, can i eat it? will it hurt me to eat the movie glass onion?…",6.25
2022-11-28T20:14:32.000Z,oh my god glass onion was amazing!! i loved it!! the cast was phenomenal i can’t wait to watch it again!!,9.3445
2022-11-28T20:15:04.000Z,"@phisnom @CPBits yeah, knives out is really good funny murder-mystery film. i have watched this film like a million times. i haven't got the time watching Glass Onion, but I WILL WATCH IT!",8.371
2022-11-28T20:15:04.000Z,"i went to the cinema again to watch glass onion for the second time and i loved it even more, i’m obsessed https://t.co/y4gooHoViA",7.2225
2022-11-28T20:18:08.000Z,oh this is a fucking masterpiece this is the new godfather the new joker oh my god https://t.co/ktN9ySh4so,8.951
2022-11-28T20:18:14.000Z,Counterpoint: Rian Johnson desperately wants someone to tell him he can say “faggot” but he cannot (agree with the part about Jane tho) https://t.co/IgBvbpBogz,1.3385
2022-11-28T20:15:13.000Z,i wanna see glass onion so bad but alas! exams.,1.5025
2022-11-28T20:18:47.000Z,"Ok now that it's been out for viewing...I legiti didn't think Rian Johnson could top ""What did the Nazi boy overhear while masturbating in the bathroom"" as a line, but goddamn did that Benoit monologue while revealing the killer in Glass Onion go above and beyond.",0.6105
2022-11-28T20:19:18.000Z,limited releases make me so pressed like what do u mean i would’ve needed to cross state lines to see vesper and something in the dirt and i only get to watch glass onion in theaters once before it’s gone forever,4.3325
2022-11-28T20:19:24.000Z,"Sad to say I'm kind of on the disappointed side of Glass Onion's reception. Very much enjoyed myself, the cast are great, but whew it's heavily flawed. A regression in a few ways compared to KO 1. I really don't get all the 5 stars on LB but, power to you all anyhow",6.949
2022-11-28T20:19:41.000Z,@AFilmAddicted @rianjohnson It wasn’t just inspired by it was a costume complete with the hairstyle!,3.0625
2022-11-28T20:21:34.000Z,Worst part of Glass Onion is that the Ethan Hawke device was obviously a bike lock.,1.8755
2022-11-28T20:23:32.000Z,"Glass Onion was AMAZING! Thrilling, engaging story and perfect pacing. The acting was top tier and the direction/set design/costume design were all incredible. Great work @rianjohnson and team!",9.789
2022-11-28T20:22:55.000Z,RT @mrdefoster: Glass Onion is easily one of my favorite movies of 2022.,8.454
2022-11-28T20:21:52.000Z,"wouldn't be surprised if its like a Swiss-Alps/wintertime set, makes sense given the variation Johnson seems to be going for https://t.co/ECYxXQaMGG",6.0525
2022-11-28T20:23:13.000Z,"RT @scottEmovienerd: clearly I'm not smarter than Netflix's entire marketing department, but here's what I don't get: if you're releasing G…",5.142
2022-11-28T20:25:48.000Z,"@DiscussingFilm when theyre all waiting to get on the yacht, doesnt birdie make a comment about benoit being the detective for a murder including a ballerina? that would be interesting to see for sure",4.1105
2022-11-28T20:25:09.000Z,"Funny to see Film Twitter simultaneously bemoan:

— STRANGE WORLD’s weak Thanksgiving box office
— FABLEMAN’s “flop” opening
— GLASS ONION’s extremely limited theatrical release (since it made $$$)

GLASS ONION ate Disney &amp; Spielberg’s lunch &amp; it’s BECAUSE of that limited release",1.18
2022-11-28T20:27:11.000Z,Ok so it's Glass Onion but instead of Daniel Craig's very tiring character disaster it's Austin Powers,1.23
2022-11-28T20:28:15.000Z,@adlow76 I was excited to see Glass Onion over the weekend! Also want to see the Fabelmans but it isn’t at my local theater,6.072
2022-11-28T20:28:45.000Z,HOLY SHIT! Glass Onion is so good and funny and smart and FUCK!,6.811
2022-11-28T20:29:54.000Z,"I’ll do another full review since I did one last night: this movie has a slow first 30-45 minutes, I can’t even lie. Maybe that was me waiting for it to live up to the first knives out tho. There’s literally an among us joke in the first 10 minutes that actually ends up being",4.614
2022-11-28T20:29:45.000Z,RT @Goodstyle42: It's so insane how timely Glass Onion ended up being.,2.295
2022-11-28T20:30:20.000Z,@gemko Should I be depressed that GLASS ONION was the first film I saw at a commercial multiplex with a packed audience in nearly 3 years?,2.706
2022-11-28T20:30:16.000Z,"@RonnieSerp @paladin991973 @IGN It references it, but does it ever say it?

Does it ever get an exact number of how low the scores were? Or does it say the scores were low and fails to elaborate how or why?",0.8995
2022-11-28T20:30:48.000Z,"Watched THE MENU, TRIANGLE OF SADNESS and GLASS ONION which are all movies about how horrible rich people are that also makes me really want to be a rich person.",6.692
2022-11-28T20:31:32.000Z,*normal tone of voice* Jessica Henwick in Glass Onion has the Dasha Nekrasova in Succession role,6.0115
2022-11-28T20:32:46.000Z,@notquitezennor Really enjoyed this!,7.7815
2022-11-28T20:33:55.000Z,"@netflix seems like Glass Onion @KnivesOut is doing ya some good in theaters, why don't you...oh idk... EXTEND THE THEATER RELEASE 
@rianjohnson

#GlassOnion",8.1715
2022-11-28T20:33:34.000Z,@adlow76 Maybe they’re both crashing bores for audiences making a choice with their dollars?  Glass Onion made a lot more in less theaters on exactly the same weekend and it’s not a Marvel movie.,2.1895
2022-11-28T20:16:21.000Z,"Planning on streaming tonight at 6pm CT as usual BUT it will be a shorter stream! I'll be ending at 7:30 cuz me and the boy are gonna go see GLASS ONION!!

See you soon! https://t.co/bh2EaunjQX",2.1405
2022-11-28T20:16:28.000Z,@DakotaWillKnow @M0LA3 @eriktruedson @charleyonhere I liked knives out quite a bit and most of Johnson's stuff other than last Jedi. Nice guys is way more interesting and funny imo though. It's weird that Shane black doesn't make more shit. I loved kiss kiss bang bang,9.868
2022-11-28T20:17:40.000Z,"By the way, between this one, Glass Onion, Armageddon Time, She Said, and The Fabelmans there is an absolute embarrassment of riches at the cineplex right now. I'll prob do a top 10 post and I imagine they'd all probably be on it!",4.742
2022-11-28T20:16:35.000Z,"This Was the Worst Thanksgiving Weekend in Box-Office History.: Yes, Disney's animated ""Strange World"" is a bomb — but without Netflix's ""Glass Onion,"" the weekend would have been even worse https://t.co/PC4qFGfgXo | @IndieWire #Thanksgiving #Weekend #BoxOffice #History https://t.co/wpwNwWOAoN",0.95
2022-11-28T20:17:16.000Z,"@scottEmovienerd Theater chains no doubt demanded the window / limited the release. As is Netflix managed to hit the Thanksgiving rush in theaters and will reap streaming success at Christmas, not a bad deal in the scheme  of things (sounds like it’s the best they could get) https://t.co/3SUVcqvgKH",8.875
2022-11-28T20:34:22.000Z,"@wrybombeck I'm not even sure it will be in a theater here 🫤

Knives Out in cinema was like the last fun normal thing I did before Covid.",7.9555
2022-11-28T20:17:19.000Z,"Glass Onion is an absolute blast of a movie and the entire cast is giving it their all- none more than Janelle Monae, who is a captivating and dynamic actor in ways I wasn’t prepared for. Go see it in a theatre if you can.",7.581
2022-11-28T20:34:55.000Z,"#NW Looper (2012)

a little Rian Johnson blind spot. might finish his filmography before I catch Glass Onion! https://t.co/Imaq3xmIv5",3.2615
2022-11-28T20:35:21.000Z,Very much enjoyed Glass Onion so much that I had to watch Knives Out right after cause I wanted more. Rian Johnson sure knows how to make these movies - probably gonna start making these a holiday tradition.,9.1675
2022-11-28T20:35:56.000Z,@annehelen Our full theater all busted out laughing and applauded at the reveal. What a treat!,9.063
2022-11-28T20:34:52.000Z,"They are also all wonderfully crafted (Triangle is a leeeeetle too long - satire is a sharp surgical instrument, so you need to get in and out ASAP, but overall it works).",6.753
2022-11-28T20:34:52.000Z,"Mobile, NOLA, Gulfport, and Pensacola all not getting Glass Onion?!? I’m a little annoyed (a lot)",3.4015
2022-11-28T20:36:26.000Z,@jesawyer Needs an “I haven’t seen it yet” option… so compelled to click,5.7855
2022-11-28T20:36:19.000Z,@zdch Yeah I liked it better than the first too,8.9225
2022-11-28T20:36:58.000Z,"@DiscussingFilm ""KILLERS OUT : A Knives Out mystery"" where Benoit Blanc investigate a crime scene but all suspects are cosplayers in a horror movies convention",0.403
2022-11-28T20:37:17.000Z,@bigtotoro Not surprised at all.,4.1525
2022-11-28T20:37:19.000Z,"That Glass Onion was tasty as fuck. Rian, you beautiful man, you’ve done it again.",5.5135
2022-11-28T20:38:06.000Z,GLASS ONION WAS SO FUCKING GOOOOOOOOOOOOOD HOW DID RIAN OUTDO HIMSELF HOLY SHIT,2.213
2022-11-28T20:40:15.000Z,@HazelQuimpo That's so pretty!,7.7065
2022-11-28T20:40:08.000Z,"For me, I would like increased protection from gun violence. Having to figure out the escape route each time dampens the experience. Cost is also an issue, but I’ll still splurge. Spent over 100 to see Glass Onion with a sampler, snacks and drinks. https://t.co/zwnPt0QyZw",2.0365
2022-11-28T20:40:14.000Z,Just saw Glass Onion and the only thing I can say without spoiling anything is HOLY FUCKING SHIT!!! The entire film was amazing and was a perfect sequel. I may have to see it again in theaters before Wednesday. @rianjohnson is an absolute genius!!! https://t.co/MwI7CMUbhZ,7.792
2022-11-28T20:40:35.000Z,@BillBrasky2620 Don't kink shame the official Glass Onion twitter account.,6.862
2022-11-28T20:40:20.000Z,Glass Onion was way too fire,3.3
2022-11-28T20:42:56.000Z,@CEOAdam RETIRE asap. From a very loyal ape for quiete sometime now. Pls step down,7.8545
2022-11-28T20:43:01.000Z,looking at my knives out blu ray desperately hoping glass onion gets a blu ray release,5.258
2022-11-28T20:44:37.000Z,@DiscussingFilm Winter setting please ❄️❄️,6.591
2022-11-28T20:44:32.000Z,RT @JacobSHall: One thing that I find utterly fascinating about KNIVES OUT and GLASS ONION is that they’re movies so deeply entrenched in m…,7.9245
2022-11-28T20:45:46.000Z,I'm fucking frothing at the mouth holy shit that was so good God that was SO SATISFYING holy shit,7.0935
2022-11-28T20:45:37.000Z,"@gemko @vjmfilms But also, we know movie execs guess wrong about when to open stuff or how many theaters or whether it goes straight to streaming etc. all the time. It looks like they missed the demand for GLASS ONION and could have had a bona fide holiday theatrical hit if they'd let it.",5.577
2022-11-28T20:46:04.000Z,"@JacobSHall yes! this is what frustrated me about 'knives out', but i admire that it commits to the bit",8.0295
2022-11-28T20:45:50.000Z,@scottEmovienerd I believe this is because theaters requested a 3 week window between its release and when it streams.  Only seems silly now since studios are putting movies on streaming at a whim if they don’t do well in theaters.  🤷‍♂️,4.4685
2022-11-28T20:55:26.000Z,"Just seen Glass Onion: A knives out mystery, very good great fun very clever. I didn’t work it out",9.687
2022-11-28T20:50:35.000Z,RT @diannaeanderson: I also want to make it clear that you do NOT need to have seen Knives Out in order to go see Glass Onion. They are fun…,8.6755
2022-11-28T20:55:48.000Z,Glass Onion was extremely on the nose but E**n tweeting the photo with the gun on the nightstand is just hilarious lol,8.155
2022-11-28T20:56:01.000Z,"@CreedsDelight Not only is it in limited release for only a week (despite numerous reports of sold-out screenings), but it's out JUST long enough for the mystery to get spoiled long before it actually shows up on Netflix. They should have given it a Real Movie release.",4.423
2022-11-28T20:47:12.000Z,I truly cannot believe Stephen Sondheim and Angela Lansbury's last on-screen appearances were THAT scene lmfao,8.753
2022-11-28T20:48:37.000Z,@naomicalhoun Is that the murder mystery one?,1.546
2022-11-28T20:48:33.000Z,RT @GreatCheshire: I’m so glad Glass Onion got a theater release because it’s the sort of movie theaters are made for. Just an absolutely e…,7.9745
2022-11-28T20:48:10.000Z,@RunquistKarsten It didn’t even play near me. Like what the hell. My theater chose Bones &amp; All and She Said over The Fabelmans and Glass Onion…,1.8535
2022-11-28T20:48:47.000Z,@gemko @vjmfilms I'm not a streaming service movie exec but it seems to me there's not much to lose and a lot to gain by putting actually rewatchable movies like GLASS ONION in theaters first for a legitimate run.,9.471
2022-11-28T20:47:50.000Z,@karenallen Lol. I'm not spoiling anything to say Wakanda Forever and Glass Onion - the jokes were throw aways but effective.,8.8075
2022-11-28T20:49:58.000Z,‘Strange World’ To Lose $147M: Why Theatrical Best Decision For Doomed Toon – Deadline https://t.co/VrCE0kPpHw,2.2885
2022-11-28T20:49:34.000Z,"@ZaidJilani So far, Glass Onion. Unbearable Weight of Massive Talent, Everything Everywhere All At Once, Elvis, Marcel the Shell with Shoes On, Bullet Train all excellent. Haven't seen Till, The Whale, other unreleased stuff.",8.7895
2022-11-28T20:51:24.000Z,"Early prediction, but if I find Glass Onion is as good (or possibly even better) than Knives Out 2019, it is easily going to be my Favourite Movie of the year. No competition. We shall see 😁 #GlassOnion #KnivesOut",9.2865
2022-11-28T20:51:02.000Z,"@netflix @rianjohnson OMG! Please I need to this!! Glass Onion was so good, I need every behind the scenes tidbit possible! https://t.co/5SmJXXWrFt",8.61
2022-11-28T20:51:42.000Z,The joy of a cinema audience roaring with so much enjoyment that covers all other noises. I regret missing RRR on the big screen and hope eventually The Lighthouse will show it again.,8.8175
2022-11-28T20:51:41.000Z,@rgodfrey @gemko @vjmfilms Every hour spent in a movie theater is one less hour spent on a streaming service (plus there's no splits then with not only theaters but various talent as well as unions).,8.478
2022-11-28T20:52:02.000Z,@dannybouuyy Thank your for the spoiler free review imma go watch it rn,8.5015
2022-11-28T20:52:40.000Z,"@prateeek5harma @DiscussingFilm Wanna clarify the fuck you wasn’t serious, but Glass Onion as a title is amazing",8.1005
2022-11-28T20:56:11.000Z,"shoulda been wide release, crazy. this was so fun to watch with other people in reacting w u https://t.co/kvVaZz8mJq",7.147
2022-11-28T20:58:08.000Z,"I know you’re all seeing glass onion but I’m gonna watch it with my family over Christmas on streaming so could you all please be quiet about it until then? 

Thenks",7.2485
2022-11-28T20:58:24.000Z,"@scottEmovienerd Or, ya know, do a wide release of 3 weeks at the same time as Netflix, but give Netflix some bonus content like a DVD box set. Deleted/alternate scenes, bloopers, commentary. That’s where your Netflix membership benefits.",9.5545
2022-11-28T20:58:34.000Z,"Goddamn it, I’m supposed to see Glass Onion tomorrow night. https://t.co/hIp4QAYaZK",2.6165
2022-11-28T20:58:55.000Z,"GLASS ONION is extremely good,  and it's an absolute crime that it's only had one week in cinemas.",4.605
2022-11-28T21:00:28.000Z,"@toonhound @AKlay19 @davidlsims I know people who are skipping Glass Onion in theaters because they know when it’s going to  Netflix. 

Top Gun released its VOD date months into its run and it’s going to Paramount+ on December 22nd.

Long theatrical windows with uncertain at home dates are good business.",5.129
2022-11-28T21:00:51.000Z,RT @ntagonistic: glass onion is a great movie but for me its greatest joy was simply getting to see my close personal friend benoit blanc o…,9.8155
2022-11-28T20:02:12.000Z,i need to go see glass onion fuck my life. if no one comes with me im going next sunday alone,1.1415
2022-11-28T20:01:33.000Z,@jesawyer Great movie daniel is fine,8.548
2022-11-28T20:02:13.000Z,"The timing of the Glass Onion release is so perfect that this movie is almost watched as a documentary, minus all the murdering 
how did you do it @rianjohnson",5.566
2022-11-28T20:02:20.000Z,Loved Glass Onion…I also really love Clue. I have 3 different versions of it,9.3275
2022-11-28T19:57:00.000Z,RT @ERCboxoffice: The mid-range studio film with the biggest box office upside this Thanksgiving--Netflix's GLASS ONION-- was relegated to…,5
2022-11-28T19:56:40.000Z,@itlooksreal Hahahah are they on a boat in glass onion?,5
2022-11-28T20:02:04.000Z,@jesawyer He's coming off in an intentional way,5
2022-11-28T20:02:51.000Z,@futurewolfie We would if we could. 😭,5
2022-11-28T20:03:55.000Z,@TheAcademy Glass Onion,5
2022-11-28T20:04:42.000Z,"RT @FB_BMB: Although Netflix didn't report Glass Onion's numbers, you can tell how big an impact it had, because all the Thanksgiving opene…",5
2022-11-28T20:05:26.000Z,@crispinophurs can confirm you will not understand anything i say until you see it. a must see.,5
2022-11-28T20:04:59.000Z,@crispinophurs ITS IN THEATERS FOR TWO MORE DAYS AND ITS ABSOLUTELY A CINEMATIC EXPERIENCE GO WATCH IT GO GO GO,5
2022-11-28T20:05:46.000Z,@Marginal_Eyes @CurzonSoho Rowsell😁,5
2022-11-28T20:07:12.000Z,"@galpalgalaxies @metaplexmovies I think I saw a singular ad, on twitter, months ago.",5
2022-11-28T20:08:22.000Z,@MarienneMaid @ThayIsTired I HAVE THOUGHTS,5
2022-11-28T20:08:04.000Z,@devvvtheband I’m seeing it tonight too,5
2022-11-28T20:09:45.000Z,Anyone wanna see Glass Onion at a regal cinema tonight? 👀,5
2022-11-28T20:09:36.000Z,@metaplexmovies Can't wait!,5
2022-11-28T20:11:36.000Z,@RonnieSerp @paladin991973 @IGN That article is nothing but guess work and opinions. Not facts.,5
2022-11-28T20:12:46.000Z,"There is a scene in the Glass Onion that really sums up Twitter right now. More I think about it, more accurate it feels.",5
2022-11-28T20:11:46.000Z,@fivefootlambs icon behavior,5
2022-11-28T20:13:47.000Z,@mistermovies What was the Magnolia reference? I saw Glass Onion yesterday but I don't recall that moment.,5
2022-11-28T20:14:44.000Z,Down in The South. https://t.co/VSmI1plM1m,5
2022-11-28T20:19:21.000Z,RT @beforekermit: elon musk watching “glass onion: a knives out mystery” https://t.co/pAV5gm4Oxb,5
2022-11-28T20:20:58.000Z,@AlexFoux it’s daddy’s influence,5
2022-11-28T20:21:29.000Z,Glass Onion thyme 😎,5
2022-11-28T20:21:44.000Z,"@RottenTomatoes The Glass Onion (at the theater)
She Said (at the theater)",5
2022-11-28T20:23:32.000Z,"@LydiaTarReal Maestro, have you seen the new film Glass Onion?",5
2022-11-28T20:22:45.000Z,@DiscussingFilm THE MOON,5
2022-11-28T20:25:33.000Z,@NNanpei Glass Melon?,5
2022-11-28T20:24:22.000Z,@markhachman Yo have you seen Glass Onion yet??,5
2022-11-28T20:25:54.000Z,@annehelen R I G H T?,5
2022-11-28T20:24:39.000Z,The Glass Onion 👏👏👏,5
2022-11-28T20:25:15.000Z,When does glass onion hit Netflix?,5
2022-11-28T20:24:18.000Z,‘Glass Onion’ Box Office: How the ‘Knives Out’ Sequel Left Tens of Millions on the Table https://t.co/TnURWx0WTx,5
2022-11-28T20:24:53.000Z,@DiscussingFilm That is how writing works. 😂,5
2022-11-28T20:26:03.000Z,RT @blockbustedpod: the sheer timing of the commentary in Glass Onion is almost bafflingly prophetic. really one of those movies that makes…,5
2022-11-28T20:27:19.000Z,Going to watch Glass Onion today!,5
2022-11-28T20:27:34.000Z,GLASS ONION (A KNIVES OUT MYSTERY) Movie Review https://t.co/00Nw35jW1p,5
2022-11-28T20:28:24.000Z,Glass Onion was incredible i highly reccomend,5
2022-11-28T20:29:26.000Z,@kylebuchanan rules are rules.,5
2022-11-28T20:27:52.000Z,glass onion &gt;&gt;&gt; knives out 🫣🫣🫣,5
2022-11-28T20:28:09.000Z,"RT @Darren_Mooney: This week, Netflix is releasing Rian Johnson's #GlassOnion in theatres.

I wrote about ""Knives Out"" &amp; ""Glass Onion"" at @…",5
2022-11-28T20:16:09.000Z,I saw Glass Onion: A Knives Out Mystery at AMC Theatres. Check it out! https://t.co/B5T7CLyOwo,5
2022-11-28T20:31:09.000Z,Glass Onion time 🔎 https://t.co/0D3550XGEb,5
2022-11-28T20:31:21.000Z,seated for glass onion,5
2022-11-28T20:31:13.000Z,"@vjmfilms I mean, there’s been another factor influencing attendance during that period.",5
2022-11-28T20:16:12.000Z,Janell Monae had me glued watching Glass Onion,5
2022-11-28T20:32:19.000Z,I kept waiting for the rest of the title. https://t.co/jv9kRZI52l,5
2022-11-28T20:32:30.000Z,bueno get to it https://t.co/GiLBgyuWKH,5
2022-11-28T20:34:10.000Z,he should cast me https://t.co/O5Yr56vG5Y,5
2022-11-28T20:33:59.000Z,Normalize not knowing yet https://t.co/GPbQ4BQDvi,5
2022-11-28T20:17:32.000Z,@tshakw lmk what u think,5
2022-11-28T20:17:48.000Z,Nvm I am seeing it tomorrow after class,5
2022-11-28T20:17:13.000Z,@scottEmovienerd I think its cause then a lot of people would skip out on the theater run and just wait a week to watch it at home,5
2022-11-28T20:17:21.000Z,@bdgrabinski P L A N E,5
2022-11-28T20:34:27.000Z,thinking if i should watch glass onion on 🎥 recording because i literally can’t wait https://t.co/6lH9UWRzjC,5
2022-11-28T20:36:25.000Z,@KnivesOut @DaveBautista I couldn't make it and now that shall be me....,5
2022-11-28T20:36:07.000Z,i need to see glass onion omg,5
2022-11-28T20:38:33.000Z,"@LarsenOnFilm @filmspotting @chicagocritics Kate Hudson in Glass Onion
Vanessa Burghardt in Cha Cha Real Smooth
Rachel Sennott in Bodies Bodies Bodies",5
2022-11-28T20:40:00.000Z,I think M*sk's Twitter stunts were all advertising for Glass Onion.,5
2022-11-28T20:39:59.000Z,me watching the glass onion 😭 https://t.co/v7DeFUNGqK,5
2022-11-28T20:39:58.000Z,My first instinct is...,5
2022-11-28T20:42:33.000Z,Interview: Rian Johnson peels back the layers of 'Glass Onion: A Knives Out Mystery' with @ryanmcquade77  https://t.co/mDCUBA1VzG #GlassOnion,5
2022-11-28T20:43:19.000Z,@TheAcademy Glass Onion: Knives Out sequel. Rian Johnson is a genius at his writing and directing. Should get some Oscar nominations.,5
2022-11-28T20:43:51.000Z,if not we burn down mr. netflix's house,5
2022-11-28T20:45:16.000Z,@DiscussingFilm @irvnstark take your time king https://t.co/zTQ1UHn1LZ,5
2022-11-28T20:44:55.000Z,@DiscussingFilm Take your time king,5
2022-11-28T20:45:20.000Z,Same! 👏👏👏🤘🎬 https://t.co/pSh8TeFl4a,5
2022-11-28T20:45:52.000Z,RT @baileymeyers: (beastie boys voice) glass onion. that funion munion,5
2022-11-28T20:46:09.000Z,@ashleydrixey WHIFF off,5
2022-11-28T20:49:30.000Z,the way i knew who cameos as benoit blanc’s husband in glass onion from the instant he first spoke,5
2022-11-28T20:50:48.000Z,My ★★★★★ review of Glass Onion: A Knives Out Mystery on @letterboxd: https://t.co/nA2pdCGkON,5
2022-11-28T20:50:14.000Z,glass onion film of the year send tweet,5
2022-11-28T20:51:25.000Z,"glass onion, the menu, bones and all",5
2022-11-28T20:50:39.000Z,The set details and cameos in Glass Onion…I feel extremely pandered to!,5
2022-11-28T20:53:39.000Z,@DiscussingFilm I KNOW THATS RIGHT MOTHER ALWAYS SERVING,5
2022-11-28T20:52:17.000Z,The 'Knives Out' sequel 'Glass Onion' could have been a box-office hit — if Netflix had let it https://t.co/fWLuNVVDyU,5
2022-11-28T20:52:39.000Z,#nw glass onion https://t.co/MnEKoJkFFC,5
2022-11-28T20:56:02.000Z,Why do I gotta wait a whole month for Glass Onion?,5
2022-11-28T20:53:35.000Z,@dangerbirdx Now I’m intrigued and will watch!,5
2022-11-28T20:53:32.000Z,@DiscussingFilm MOTHER,5
2022-11-28T20:56:55.000Z,Also a bunch of MST3K,5
2022-11-28T20:56:54.000Z,The only movie anyone watched this weekend: Glass Onion https://t.co/lBNet3O2FH,5
2022-11-28T20:58:06.000Z,RT @daintyprotag: have you guys seen glass onion yet https://t.co/ZWppLbwKDi,5
2022-11-28T20:59:13.000Z,im seeing glass onion tomorrow :D,5
2022-11-28T20:59:55.000Z,Glass Onion: A Knives Out Mystery Delivers Its Final Clue https://t.co/RAXSTTm0HD,5
2022-11-28T20:59:26.000Z,Benoit Blanc and the Temple of Inflation #KnivesOut https://t.co/nJWnqKc2yb,5
2022-11-28T20:58:59.000Z,Benoit Blanc and the Temple of Inflation https://t.co/nJWnqKubMj,5
2022-11-28T21:00:29.000Z,glass onion FIGHISSIMO,5
2022-11-28T19:57:09.000Z,RT @elenaiswriting: day two of my campaign to tell everyone janelle monáe deserves a supporting oscar nom for glass onion: a knives out mys…,7.202
2022-11-28T19:56:53.000Z,@DiscussingFilm I hope in Egypt or Japan,7.202
2022-11-28T20:04:28.000Z,Glass Onion good,7.202
2022-11-28T20:13:45.000Z,Just saw glass onion it's good,7.202
2022-11-28T20:29:56.000Z,there better be shrek in this movie i’m seeing it’s called glass onion after all,7.202
2022-11-28T20:34:41.000Z,and if i do does somebody has a link with good quality,7.202
2022-11-28T20:38:19.000Z,@vin_onepenny Better than the first?,7.202
2022-11-28T20:02:59.000Z,"RT @beastobsessed: ""Glass Onion: A Knives Out Mystery"" has a shocking finale and it's an on-point social critique for our times.
https://t.…",2.9905
2022-11-28T20:33:31.000Z,It’s insane how half baked the distribution plan for Glass Onion is,2.9905
2022-11-28T20:43:16.000Z,ok so i've come up with a review for glass onion. glass onion is what death on the nile wanted to be,2.9905
2022-11-28T20:08:22.000Z,"POINT WEEK-END #3 - BLACK PANTHER ET DE 3 - GLASS ONION, ESPOIR DE NETFL... https://t.co/rPYzKRa5RV via @YouTube",5.7655
2022-11-28T20:08:57.000Z,@paladin991973 @McMilnamow @IGN The internet is a great tool. The article references how bad it was with test audiences in August…https://t.co/lXcqDia9Fg,5.7655
2022-11-28T20:12:39.000Z,"RT @BrandonDavisBD: Knives Out 3 update from Rian Johnson.

""I still have to start writing Knives Out 3. I gotta figure out what the next B…",5.7655
2022-11-28T20:39:51.000Z,"Netflix executives are morons and there's a silly film reference in Glass Onion that made it worth it to break my boycott by going to the cinema. I snorted laughing, twice.",5.7655
2022-11-28T20:01:52.000Z,RT @DiscussingFilm: ‘GLASS ONION: A KNIVES OUT MYSTERY’ is estimated to have earned $15M during its domestic week-long run in 600 theaters.…,5.386
2022-11-28T20:02:22.000Z,@CrayTreyVids Terrifier 2: the Re-terrifying,5.386
2022-11-28T20:07:25.000Z,"RT @dazgoesdigital: Glass Onion: A Knives Out Mystery (2022) brings us back into the world of Daniel Craig's Detective Benoit Blanc.

TL;DR…",5.386
2022-11-28T20:14:01.000Z,I want to see Glass Onion in a theater again,5.386
2022-11-28T20:19:20.000Z,"RT @GeekVibesNation: Rian Johnson gives an update on the sequel to #GlassOnion 

""I still have to start writing Knives Out 3, I gotta figur…",5.386
2022-11-28T20:31:13.000Z,RT @intothemelwoods: Saw Glass Onion again last night and standing by my assertion that this is the queer fashion moment of 2022 https://t.…,5.386
2022-11-28T20:31:26.000Z,@finalbri Glass onion teas,5.386
2022-11-28T20:36:57.000Z,Glass Onion account admitting they want to be Pegged. #hornyonmain https://t.co/Q1p00ae0RZ,5.386
2022-11-28T20:45:36.000Z,My ★★★ review of Glass Onion: A Knives Out Mystery (2022) on @letterboxd: https://t.co/uWm90Vwtlu,5.386
2022-11-28T20:45:42.000Z,"@ashleyrgold We saw Glass Onion last week and that actor was in a trailer so Adam turned to me and said ""I just want a movie where the steering wheel doesn't fly off""",5.386
2022-11-28T20:53:13.000Z,@RottenTomatoes Glass Onion - Knives Out 2,5.386
2022-11-28T21:01:10.000Z,@dannybouuyy Wait how did you watch it Netflix says coming out December 23,5.386
2022-11-28T20:02:23.000Z,@thatguytuesday I'm a nerd so seen all the trailers and teaser.....but they really only started few months ago compared to stuff like Frozen or Moana where hyped for years,5.386
2022-11-28T20:34:08.000Z,RT @avb_54: glass onion spoiler with no context https://t.co/icpwuEmys4,3.52
2022-11-28T20:43:00.000Z,@cinnabarcliff is glass onion a sequel? ive been hearing ppl talk about glass onion and ive had no idea what it was,3.52
2022-11-28T20:02:39.000Z,RT @Koslofskyspeaks: Audible confusion during my screening of Glass Onion at the appearance of the Netflix logo,3.52
2022-11-28T20:12:43.000Z,Whatever it is it's going to be amazing https://t.co/fZkJWnvp8X,7.9295
2022-11-28T20:36:54.000Z,"@DiscussingFilm Western theme would be cool, maybe like a cabin in the desert",7.9295
2022-11-28T20:42:58.000Z,*me watching glass onion* wow that onion really is glass,7.9295
2022-11-28T20:30:52.000Z,"White Lotus could never really coalesce, never amount to much of anything, just keep doling out titillating revelations backed by above average writing and acting, and I will happily give it my 3 little stars in my little notes app and carry on",8.062
2022-11-28T20:53:21.000Z,"Janelle Monáe gives a vibrant, layered performance in ‘GLASS ONION: A KNIVES OUT MYSTERY’ that asks her to be the emotional achor of the entire mystery, and she delivers sublimely. 

Read our full review… https://t.co/sUUca39vr3",8.062
2022-11-28T20:43:20.000Z,"@naomicalhoun Google, play I Wish by Stevie Wonder.",8.1245
2022-11-28T20:52:00.000Z,"Just saw Glass Onion, it was great obviously",8.1245
2022-11-28T20:19:23.000Z,"Like, Glass Onion is totally going to get a bounce from the people who saw it this week who will say ""you know what I saw that was good"" when together with family over Christmas/New Years.",8.2985
2022-11-28T20:50:07.000Z,i like glass onion better then knives out https://t.co/6NHxuEweKI,8.2985
2022-11-28T20:51:42.000Z,RT @kylebuchanan: If you're playing the Gen Z assistant to a rich blonde narcissist in either Glass Onion or White Lotus you simply MUST we…,8.2985
2022-11-28T20:51:34.000Z,"I haven’t seen a single trailer, poster, or literally anything regarding Glass Onion, so this is bound to be exciting :) https://t.co/DgGNe1Kl1B",7.4695
2022-11-28T20:52:50.000Z,RT @WritesHarriet: I saw Glass Onion yesterday and all I will say is the Benoit Blanc cinematic universe is the only one I care about,7.4695
2022-11-28T20:07:36.000Z,@CEOAdam What are u doing about ape..we're is the check mate and the pounce.... u screwed us again and again,2.5305
2022-11-28T20:33:24.000Z,"RT @mopipomixer: Funny to see Film Twitter simultaneously bemoan:

— STRANGE WORLD’s weak Thanksgiving box office
— FABLEMAN’s “flop” openi…",2.5305
2022-11-28T19:57:10.000Z,"With my friends at the theater for Glass Onion and we are the only ones here for the noon showing. Which, well, makes for a very small audience-reaction sample size…",8.1845
2022-11-28T20:06:03.000Z,Knives Out had the best use of a steelbook/slipcase combo and I really need @rianjohnson to do something similar with Glass Onion. @netflix @BestBuy https://t.co/sS0nRYdJID https://t.co/4r6b1BgXcH,8.1845
2022-11-28T20:32:15.000Z,@gutlesswunder @KnivesOut I’ve been looking for the words to describe after seeing the film… summed up perfectly. https://t.co/JxyIhsJ4I6,8.1845
2022-11-28T20:39:01.000Z,(Spoiler discussion) Who stands to have the best outcome at the end of Glass Onion?,8.1845
2022-11-28T20:58:24.000Z,@gemko Love this review! Will you be reviewing GLASS ONION?,8.1845
2022-11-28T20:02:08.000Z,"RT @EdgeMediaNet: More than just a sequel to ""Knives Out,"" this followup shows us a director confidently making the movies that he wants to…",7.3835
2022-11-28T20:48:59.000Z,should i be proud that i recognized who cameos as benoit blanc’s husband in glass onion the instant he spoke,7.3835
2022-11-28T20:12:46.000Z,"I don’t know how to explain it, but Kate Hudson is playing Matt Rogers playing Kate Hudson in Glass Onion.",7.6335
2022-11-28T20:49:38.000Z,"Fav First Watches Each Month this Year: 

Jan: Waking Life
Feb: Belle
Mar: The Batman
Apr: Ema
May: Everything Everywhere All at Once
Jun: Cha Cha Real Smooth
Jul: Sicario
Aug: Nope
Sep: Happy Old Year
Oct: Decision to Leave
Nov: Glass Onion https://t.co/94EF9qKJVU",8.8585
2022-11-28T21:00:03.000Z,Comedy and intrigue pair perfectly in Glass Onion: A Knives Out Mystery https://t.co/I5OxFFp9K9 https://t.co/bwDEl5lrm8,8.8585
2022-11-28T20:19:27.000Z,"@tshakw I wish there was a screening here. I watched the first one at the cinema, I would've loved to watch the second one there too.",8.825
2022-11-28T20:33:19.000Z,RT @TheMysterious: Caught the wonderful GLASS ONION over the weekend and now fondly remembering the time we “sponsored” @rianjohnson (sold…,8.825
2022-11-28T20:30:10.000Z,"RT @BleedingFool: Despite an extended Thanksgiving holiday weekend, #StrangeWorld is the biggest animated feature to bomb in #Disney's mode…",4.36
2022-11-28T20:47:34.000Z,RT @swierczy: GLASS ONION is a work of twisty (and twisted) art. I demand a new Benoit Blanc/@rianjohnson mystery every year. https://t.co/…,4.36
2022-11-28T20:58:01.000Z,"Never a bad day talking to the great @rianjohnson about his wonderful new film, #GlassOnion! 

https://t.co/G81Npdb18w https://t.co/tZzr6tuEtE https://t.co/AhF2xlhHQc",9.461
2022-11-28T20:10:41.000Z,Tickets secured for glass onion 🫡,7.0095
2022-11-28T20:20:48.000Z,Secured a ticket to Glass Onion tonight https://t.co/UmQi3qXQBt,7.0095
2022-11-28T20:55:30.000Z,@DiscussingFilm Is Daniel still doing that hilarious attempt at a Southern accent?,7.0095
2022-11-28T20:40:18.000Z,"As for me, I came out of the movie with a new appreciation for Madelyn Cline. https://t.co/jMYMYPDn9e",7.553
2022-11-28T20:49:54.000Z,"Someone from The Blue Jay Way Collective Played Glass Onion - Remastered 2009 at November 28, 2022 at 06:52PM by The Beatles.",7.553
2022-11-28T20:10:29.000Z,"Monday Movie Score Mention: Glass Onion: A Knives Out Mystery

Composer Nathan Johnson, cousin of director Rian completely nails the music. It is a playful and jazzy for the comedy moments and tense and piano 
based for the drama.

#thatdanphilmshow
#mondaymoviescoremention https://t.co/mit3QDr6Ov",7.294
2022-11-28T20:14:27.000Z,seated for my new favorite movie glass onion a knives out mystery,7.294
2022-11-28T20:19:10.000Z,"@Fandango Black Panther: Wakanda Forever, Glass Onion, and Devotion",7.294
2022-11-28T20:17:11.000Z,"Favorite bits of production design in recent films:
-The title object in Glass Onion
-The fact that Sammy Fabelman's devout Christian girlfriend has an accordion",7.294
2022-11-28T20:49:55.000Z,"Someone from The Blue Jay Way Collective Played Glass Onion at November 29, 2022 at 09:41AM by The Beatles.",7.294
2022-11-28T20:22:55.000Z,"Weekend Box Office: Glass Onion shocks, Strange World tanks and Black Panther tops https://t.co/Sbf969lGjq",4.871
2022-11-28T20:48:33.000Z,"@dizwire i'd pay $50 to stream opening day weekend for movies I want to see (glass onion, MCU, Avatar etc)",4.871
2022-11-28T20:29:42.000Z,@samvanhallgren I'd say No. It never occurred to me. I interpreted it as a piece of mocking the absurd pretentiousness of the Norton/Musk character.,2.003
2022-11-28T20:39:42.000Z,"RT @netflix: Your dinner table: My family wants to kill each other at Thanksgiving. 

Their dinner table: I have invited you here to solve…",2.003
2022-11-28T20:16:29.000Z,"@adlow76 Younger audiences don’t owe him anything. Glass Onion did $15 million on 600 screens so people went to the movies this weekend, just not his movie. The marketing for that movie was terrible",2.8925
2022-11-28T20:45:55.000Z,"RT @KnivesOut: GOKOFOMO (n.)
a rare condition of hyperspecific regret caused by not seeing Glass Onion: A Knives Out Mystery in theaters 😪",2.8925
2022-11-28T20:37:58.000Z,The way i want to make all of elons followers watch Glass Onion like they’re in clockwork orange https://t.co/ced0SD1Hnu,7.1075
2022-11-28T20:38:52.000Z,"Yeah this is the part I don't get. You get buzz from the limited cinema release, then immediately put it on streaming. Why wait what seems like an arbitrary amount of time? https://t.co/MkJPBzSrZQ",7.1075
2022-11-28T20:56:44.000Z,I have seen more spoilers today for Glass Onion than I ever did for any Marvel movie,7.1075
2022-11-28T20:07:02.000Z,"Lots of fun cameos in Glass Onion, my favorite, hands down, being Magnolia’s very own Frank T.J. Mackey",8.715
2022-11-28T20:26:36.000Z,Is the sound that plays at the top of every hour in Glass Onion a clever dig at Netflix yes or no.,8.715
2022-11-28T20:21:54.000Z,"Just learned about Glass Onion being a thing, scrapping this name lmao",7.997
2022-11-28T20:31:58.000Z,@missingwords I loved it so much.,7.997
2022-11-28T19:57:03.000Z,"@ajblackwriter Glass Onion is a very enjoyable film. See it in theaters for the big screen before Dec 6th when it starts streaming. Daniel Craig establishes a new detective personality in the league of Frank Columbo, Hercule Poirot and Robert Downey's Sherlock Holmes.",7.4635
2022-11-28T20:30:57.000Z,@braddrinks @KnivesOut it’s SO good,7.4635
2022-11-28T20:31:58.000Z,@pygmysloth he was VERY good in glass onion!,7.4635
2022-11-28T20:37:21.000Z,Saw the Glass Onion over the weekend and it's really good. I noticed they cgi'd out some details in the final trailer https://t.co/BKoN3CROgX,7.4635
2022-11-28T20:11:40.000Z,"good ep this week!! we also talk a little about glass onion, the watcher, and deadstream. oh and alien 3 wasnt good https://t.co/9auSCYgGxk",8.6345
2022-11-28T20:51:36.000Z,RT @VinnieMancuso1: I feel like the truly insane timing of GLASS ONION dropping right now is the universe rewarding Rian Johnson for handli…,8.6345
2022-11-28T20:04:42.000Z,"See How They Run was fantastic. If, like me, you were dissatisfied with how…LOUD Glass Onion was, you’ll like this film.",8.592
2022-11-28T20:32:19.000Z,@AdamLanceGarcia The extras on the Knives Out blu are top notch some of the best I’ve seen in a long time,8.592
2022-11-28T20:55:49.000Z,ladies and fellas i’m proud to announce that glass onion was good,8.592
2022-11-28T20:53:08.000Z,"Top 3 movies this year
1. Bullet Train
2. Knives out: Glass onion 
3. Everything Everywhere All At Once",6.7
2022-11-28T20:18:10.000Z,@kierstenwhite @paulGtremblay I did the same when it came on before Trick R Treat,6.806
2022-11-28T20:21:12.000Z,"And it’ll be a certified banger like the last two, let’s go 🙏🏾 https://t.co/JqkLgw8kQ8",6.806
2022-11-28T20:25:17.000Z,@halalltakeaway @netflix Get ready for greatness!,6.806
2022-11-28T20:40:42.000Z,@christianrod96 @rianjohnson @KnivesOut ogres are like glass onions,6.806
2022-11-28T20:51:38.000Z,"Glass Onion: A Knives Out Mystery was a blast: ⭐️⭐️⭐️⭐️

Some takeaways:

🍿 Janelle Monáe stole the show 
🍿 We get much more Benoit Blanc 👑
🍿 Classic whodunnit just like the 1st

@rianjohnson always delivers 🔥🔥 https://t.co/Tv0uLadWmD",6.806
2022-11-28T20:57:52.000Z,@seahorseradish Whenever I hear that name it sounds like an avante garde porn sex store.,6.806
2022-11-28T20:36:30.000Z,"RT @MBTYuGiOh: go see glass onion oh my god, legitimately incredible. saw a tweet that said “i cannot believe how much this looks like a pe…",7.787
2022-11-28T20:58:26.000Z,I don't understand why Netflix isn't running Glass Onion for a full theater run. Fantastic movie.,7.787
2022-11-28T20:38:51.000Z,I mean this with all the love and respect in the world but hurry the fuck up https://t.co/NbRtFCQtsB,3.634
2022-11-28T21:00:48.000Z,@video_binge Already reviewed. See the Patreon link in my bio (it’s as low as $1/month for my reviews).,3.634
2022-11-28T20:07:42.000Z,"@TheAcademy @rianjohnson excellent, and very aware, Glass Onion!",7.8595
2022-11-28T20:08:29.000Z,RT @GeraldBourguet: Glass Onion faced a nearly impossible task of living up to Knives Out…and I’m happy to report it did all that and more.…,7.8595
2022-11-28T20:11:15.000Z,"@devvvtheband i saw it ln, spoiler alert: christopher plummer is not in it",6.48
2022-11-28T20:45:31.000Z,@naomicalhoun yeah ofc i do,6.48
2022-11-28T20:33:37.000Z,@CEOAdam I wish Adam Aaron would come out from user his rock and explain why APE is such a disaster. We are getting destroyed.,1.596
2022-11-28T21:01:10.000Z,"Just saw a series of tweets spoiling Glass Onion. About 6 identical tweets back to back with different popular hashtags. Who hurt this person? I just don’t get it. I’d already seen the movie, but still, what an absolute dick move get a life.",1.596
2022-11-28T20:01:11.000Z,@scottEmovienerd Tis irony of the age. Netflix the only people giving serious film makers the serious money to make films that should be seen on the big screen. They show them for a week and then it off to the small screen. See also Power of the Dog and Blonde.,5.7655
2022-11-28T20:01:11.000Z,@scottEmovienerd Tis irony of the age. Netflix the only people giving serious film makers the serious money to make films that should be seen on the big screen. They show them for a week and then it off to the small screen. See also Power of the Dog and Blonde.,5.7655
2022-11-28T20:01:11.000Z,@scottEmovienerd Tis irony of the age. Netflix the only people giving serious film makers the serious money to make films that should be seen on the big screen. They show them for a week and then it off to the small screen. See also Power of the Dog and Blonde.,5.7655
2022-11-28T20:01:11.000Z,@scottEmovienerd Tis irony of the age. Netflix the only people giving serious film makers the serious money to make films that should be seen on the big screen. They show them for a week and then it off to the small screen. See also Power of the Dog and Blonde.,5.7655
2022-11-28T20:53:55.000Z,"Andy Vermaut shares:Daniel Craig Used To Have A Funny Way Of Keeping People From Seeing His Movies, And It Involved Blockbuster: The James Bond and Glass Onion star has a few movies from his early career he's not proud of. https://t.co/mGZzoyZHzp Thank you. https://t.co/v2HC67KTZP",7.4145
2022-11-28T20:53:55.000Z,"Andy Vermaut shares:Daniel Craig Used To Have A Funny Way Of Keeping People From Seeing His Movies, And It Involved Blockbuster: The James Bond and Glass Onion star has a few movies from his early career he's not proud of. https://t.co/mGZzoyZHzp Thank you. https://t.co/v2HC67KTZP",7.4145
2022-11-28T20:53:55.000Z,"Andy Vermaut shares:Daniel Craig Used To Have A Funny Way Of Keeping People From Seeing His Movies, And It Involved Blockbuster: The James Bond and Glass Onion star has a few movies from his early career he's not proud of. https://t.co/mGZzoyZHzp Thank you. https://t.co/v2HC67KTZP",7.4145
2022-11-28T20:53:55.000Z,"Andy Vermaut shares:Daniel Craig Used To Have A Funny Way Of Keeping People From Seeing His Movies, And It Involved Blockbuster: The James Bond and Glass Onion star has a few movies from his early career he's not proud of. https://t.co/mGZzoyZHzp Thank you. https://t.co/v2HC67KTZP",7.4145
2022-11-28T20:53:55.000Z,"Andy Vermaut shares:Daniel Craig Used To Have A Funny Way Of Keeping People From Seeing His Movies, And It Involved Blockbuster: The James Bond and Glass Onion star has a few movies from his early career he's not proud of. https://t.co/mGZzoyZHzp Thank you. https://t.co/v2HC67KTZP",7.4145
2022-11-28T20:53:55.000Z,"Andy Vermaut shares:Daniel Craig Used To Have A Funny Way Of Keeping People From Seeing His Movies, And It Involved Blockbuster: The James Bond and Glass Onion star has a few movies from his early career he's not proud of. https://t.co/mGZzoyZHzp Thank you. https://t.co/v2HC67KTZP",7.4145
2022-11-28T20:53:55.000Z,"Andy Vermaut shares:Daniel Craig Used To Have A Funny Way Of Keeping People From Seeing His Movies, And It Involved Blockbuster: The James Bond and Glass Onion star has a few movies from his early career he's not proud of. https://t.co/mGZzoyZHzp Thank you. https://t.co/v2HC67KTZP",7.4145
2022-11-28T20:53:45.000Z,@DiscussingFilm Wasn’t she in Victorious,5
2022-11-28T20:53:45.000Z,@DiscussingFilm Wasn’t she in Victorious,5
2022-11-28T20:42:10.000Z,best film of my life https://t.co/ktN9ySh4so,8.1845
2022-11-28T20:42:10.000Z,best film of my life https://t.co/ktN9ySh4so,8.1845
2022-11-28T20:53:46.000Z,@DiscussingFilm stream https://t.co/d0m12f4DDH,5
2022-11-28T20:53:46.000Z,@DiscussingFilm stream https://t.co/d0m12f4DDH,5
2022-11-28T20:53:46.000Z,@DiscussingFilm stream https://t.co/d0m12f4DDH,5
2022-11-28T20:54:41.000Z,@DiscussingFilm I couldn’t get used to the accent😂,5
2022-11-28T20:54:41.000Z,@DiscussingFilm I couldn’t get used to the accent😂,5
2022-11-28T20:54:41.000Z,@DiscussingFilm I couldn’t get used to the accent😂,5
2022-11-28T20:54:41.000Z,@DiscussingFilm I couldn’t get used to the accent😂,5
2022-11-28T20:53:54.000Z,@DiscussingFilm We can’t wait  https://t.co/6HlLOUeqQA,5
2022-11-28T20:53:54.000Z,@DiscussingFilm We can’t wait  https://t.co/6HlLOUeqQA,5
2022-11-28T20:53:54.000Z,@DiscussingFilm We can’t wait  https://t.co/6HlLOUeqQA,5
2022-11-28T20:53:54.000Z,@DiscussingFilm We can’t wait  https://t.co/6HlLOUeqQA,5
2022-11-28T20:53:54.000Z,@DiscussingFilm We can’t wait  https://t.co/6HlLOUeqQA,5
2022-11-28T20:53:54.000Z,@DiscussingFilm We can’t wait  https://t.co/6HlLOUeqQA,5
2022-11-28T20:54:55.000Z,I COULD NOT STOP LAUGHING AT THIS https://t.co/tYdBghTMDm,4.0615
2022-11-28T20:54:55.000Z,I COULD NOT STOP LAUGHING AT THIS https://t.co/tYdBghTMDm,4.0615
2022-11-28T20:42:17.000Z,@DailyLoud @KingXander95 Just watched glass onion you can’t fool me,6.706
2022-11-28T20:42:17.000Z,@DailyLoud @KingXander95 Just watched glass onion you can’t fool me,6.706
2022-11-28T20:42:03.000Z,JANELLE MONAE YOU WILL ALWAYS BE FAMOUS OH MY GOD https://t.co/ktN9ySh4so,6.366
2022-11-28T20:42:03.000Z,JANELLE MONAE YOU WILL ALWAYS BE FAMOUS OH MY GOD https://t.co/ktN9ySh4so,6.366
2022-11-28T20:42:03.000Z,JANELLE MONAE YOU WILL ALWAYS BE FAMOUS OH MY GOD https://t.co/ktN9ySh4so,6.366
2022-11-28T20:54:01.000Z,Had a blast watching Glass Onion. Got home and immediately put Knives Out on.,5
2022-11-28T20:54:01.000Z,Had a blast watching Glass Onion. Got home and immediately put Knives Out on.,5
2022-11-28T20:54:01.000Z,Had a blast watching Glass Onion. Got home and immediately put Knives Out on.,5
2022-11-28T20:54:01.000Z,Had a blast watching Glass Onion. Got home and immediately put Knives Out on.,5
2022-11-28T20:54:01.000Z,Had a blast watching Glass Onion. Got home and immediately put Knives Out on.,5
2022-11-28T20:54:01.000Z,Had a blast watching Glass Onion. Got home and immediately put Knives Out on.,5
2022-11-28T20:42:28.000Z,Knives Out was Autumn. Glass Onion was Summer. Four films. Four seasons. Calling it now.,5
2022-11-28T20:42:28.000Z,Knives Out was Autumn. Glass Onion was Summer. Four films. Four seasons. Calling it now.,5
2022-11-28T20:01:13.000Z,"Review: GLASS ONION: A KNIVES OUT MYSTERY Is a Wicked Fun Murder Mystery Movie!

Link: https://t.co/ydihVJkUbt",1.4985
2022-11-28T20:01:13.000Z,"Review: GLASS ONION: A KNIVES OUT MYSTERY Is a Wicked Fun Murder Mystery Movie!

Link: https://t.co/ydihVJkUbt",1.4985
2022-11-28T20:01:13.000Z,"Review: GLASS ONION: A KNIVES OUT MYSTERY Is a Wicked Fun Murder Mystery Movie!

Link: https://t.co/ydihVJkUbt",1.4985
2022-11-28T20:01:13.000Z,"Review: GLASS ONION: A KNIVES OUT MYSTERY Is a Wicked Fun Murder Mystery Movie!

Link: https://t.co/ydihVJkUbt",1.4985
2022-11-28T20:21:40.000Z,RT @jpbrammer: U think I’m so handsome u want to take me to see Glass Onion 😵‍💫😵‍💫😵‍💫😵‍💫,8.451
2022-11-28T20:56:17.000Z,RT @jpbrammer: U think I’m so handsome u want to take me to see Glass Onion 😵‍💫😵‍💫😵‍💫😵‍💫,8.451
2022-11-28T20:14:17.000Z,RT @kiana_weisz: The yassification of Benoit Blanc’s stance from Knives Out to Glass Onion is real https://t.co/aAosVxunjJ,5
2022-11-28T20:29:15.000Z,RT @kiana_weisz: The yassification of Benoit Blanc’s stance from Knives Out to Glass Onion is real https://t.co/aAosVxunjJ,5
2022-11-28T20:16:46.000Z,RT @kiana_weisz: The yassification of Benoit Blanc’s stance from Knives Out to Glass Onion is real https://t.co/aAosVxunjJ,5
2022-11-28T20:55:01.000Z,@DiscussingFilm A lot of people in here who don't understand satire - or don't like thinking too hard. It's one of the funniest films ever,6.3545
2022-11-28T20:55:01.000Z,@DiscussingFilm A lot of people in here who don't understand satire - or don't like thinking too hard. It's one of the funniest films ever,6.3545
2022-11-28T20:08:58.000Z,"RT @AdamLanceGarcia: I know GLASS ONION will be on Netflix, but I want a 4K disc with special features, commentary, and deleted scenes, ple…",8.062
2022-11-28T20:10:10.000Z,"RT @AdamLanceGarcia: I know GLASS ONION will be on Netflix, but I want a 4K disc with special features, commentary, and deleted scenes, ple…",8.062
2022-11-28T20:09:26.000Z,"RT @AdamLanceGarcia: I know GLASS ONION will be on Netflix, but I want a 4K disc with special features, commentary, and deleted scenes, ple…",8.062
2022-11-28T20:11:49.000Z,"RT @AdamLanceGarcia: I know GLASS ONION will be on Netflix, but I want a 4K disc with special features, commentary, and deleted scenes, ple…",8.062
2022-11-28T20:14:21.000Z,"RT @AdamLanceGarcia: I know GLASS ONION will be on Netflix, but I want a 4K disc with special features, commentary, and deleted scenes, ple…",8.062
2022-11-28T20:14:24.000Z,"RT @AdamLanceGarcia: I know GLASS ONION will be on Netflix, but I want a 4K disc with special features, commentary, and deleted scenes, ple…",8.062
2022-11-28T20:15:07.000Z,"RT @AdamLanceGarcia: I know GLASS ONION will be on Netflix, but I want a 4K disc with special features, commentary, and deleted scenes, ple…",8.062
2022-11-28T20:16:07.000Z,"RT @AdamLanceGarcia: I know GLASS ONION will be on Netflix, but I want a 4K disc with special features, commentary, and deleted scenes, ple…",8.062
2022-11-28T20:19:43.000Z,"RT @AdamLanceGarcia: I know GLASS ONION will be on Netflix, but I want a 4K disc with special features, commentary, and deleted scenes, ple…",8.062
2022-11-28T20:19:27.000Z,"RT @AdamLanceGarcia: I know GLASS ONION will be on Netflix, but I want a 4K disc with special features, commentary, and deleted scenes, ple…",8.062
2022-11-28T20:19:50.000Z,"RT @AdamLanceGarcia: I know GLASS ONION will be on Netflix, but I want a 4K disc with special features, commentary, and deleted scenes, ple…",8.062
2022-11-28T20:21:29.000Z,"RT @AdamLanceGarcia: I know GLASS ONION will be on Netflix, but I want a 4K disc with special features, commentary, and deleted scenes, ple…",8.062
2022-11-28T20:26:43.000Z,"RT @AdamLanceGarcia: I know GLASS ONION will be on Netflix, but I want a 4K disc with special features, commentary, and deleted scenes, ple…",8.062
2022-11-28T20:30:36.000Z,"RT @AdamLanceGarcia: I know GLASS ONION will be on Netflix, but I want a 4K disc with special features, commentary, and deleted scenes, ple…",8.062
2022-11-28T20:31:42.000Z,"RT @AdamLanceGarcia: I know GLASS ONION will be on Netflix, but I want a 4K disc with special features, commentary, and deleted scenes, ple…",8.062
2022-11-28T20:33:02.000Z,"RT @AdamLanceGarcia: I know GLASS ONION will be on Netflix, but I want a 4K disc with special features, commentary, and deleted scenes, ple…",8.062
2022-11-28T20:16:13.000Z,"RT @AdamLanceGarcia: I know GLASS ONION will be on Netflix, but I want a 4K disc with special features, commentary, and deleted scenes, ple…",8.062
2022-11-28T20:17:53.000Z,"RT @AdamLanceGarcia: I know GLASS ONION will be on Netflix, but I want a 4K disc with special features, commentary, and deleted scenes, ple…",8.062
2022-11-28T20:36:47.000Z,"RT @AdamLanceGarcia: I know GLASS ONION will be on Netflix, but I want a 4K disc with special features, commentary, and deleted scenes, ple…",8.062
2022-11-28T20:37:45.000Z,"RT @AdamLanceGarcia: I know GLASS ONION will be on Netflix, but I want a 4K disc with special features, commentary, and deleted scenes, ple…",8.062
2022-11-28T20:40:42.000Z,"RT @AdamLanceGarcia: I know GLASS ONION will be on Netflix, but I want a 4K disc with special features, commentary, and deleted scenes, ple…",8.062
2022-11-28T20:41:33.000Z,"RT @AdamLanceGarcia: I know GLASS ONION will be on Netflix, but I want a 4K disc with special features, commentary, and deleted scenes, ple…",8.062
2022-11-28T20:43:04.000Z,"RT @AdamLanceGarcia: I know GLASS ONION will be on Netflix, but I want a 4K disc with special features, commentary, and deleted scenes, ple…",8.062
2022-11-28T20:45:37.000Z,"RT @AdamLanceGarcia: I know GLASS ONION will be on Netflix, but I want a 4K disc with special features, commentary, and deleted scenes, ple…",8.062
2022-11-28T20:50:20.000Z,"RT @AdamLanceGarcia: I know GLASS ONION will be on Netflix, but I want a 4K disc with special features, commentary, and deleted scenes, ple…",8.062
2022-11-28T20:47:17.000Z,"RT @AdamLanceGarcia: I know GLASS ONION will be on Netflix, but I want a 4K disc with special features, commentary, and deleted scenes, ple…",8.062
2022-11-28T20:47:57.000Z,"RT @AdamLanceGarcia: I know GLASS ONION will be on Netflix, but I want a 4K disc with special features, commentary, and deleted scenes, ple…",8.062
2022-11-28T20:50:01.000Z,"RT @AdamLanceGarcia: I know GLASS ONION will be on Netflix, but I want a 4K disc with special features, commentary, and deleted scenes, ple…",8.062
2022-11-28T20:53:12.000Z,"RT @AdamLanceGarcia: I know GLASS ONION will be on Netflix, but I want a 4K disc with special features, commentary, and deleted scenes, ple…",8.062
2022-11-28T21:00:05.000Z,"RT @AdamLanceGarcia: I know GLASS ONION will be on Netflix, but I want a 4K disc with special features, commentary, and deleted scenes, ple…",8.062
2022-11-28T20:38:57.000Z,RT @GreatCheshire: Glass Onion is playing in at least 17 theaters within 20 miles of me and almost all of them were close to selling out to…,6.7
2022-11-28T20:42:44.000Z,RT @GreatCheshire: Glass Onion is playing in at least 17 theaters within 20 miles of me and almost all of them were close to selling out to…,6.7
2022-11-28T20:44:43.000Z,RT @GreatCheshire: Glass Onion is playing in at least 17 theaters within 20 miles of me and almost all of them were close to selling out to…,6.7
2022-11-28T20:48:23.000Z,RT @GreatCheshire: Glass Onion is playing in at least 17 theaters within 20 miles of me and almost all of them were close to selling out to…,6.7
2022-11-28T20:19:46.000Z,RT @KnivesOut: I asked the cast of Glass Onion to read all the spoilers of Glass Onion and they...had feelings about it. https://t.co/tKed7…,5
2022-11-28T20:46:37.000Z,RT @KnivesOut: I asked the cast of Glass Onion to read all the spoilers of Glass Onion and they...had feelings about it. https://t.co/tKed7…,5
2022-11-28T20:54:38.000Z,RT @annehelen: I loved GLASS ONION but the hardest I laughed was during the preview Gerald Butler movie that is revealed to just be called.…,8.7715
2022-11-28T20:54:38.000Z,RT @annehelen: I loved GLASS ONION but the hardest I laughed was during the preview Gerald Butler movie that is revealed to just be called.…,8.7715
2022-11-28T20:54:38.000Z,RT @annehelen: I loved GLASS ONION but the hardest I laughed was during the preview Gerald Butler movie that is revealed to just be called.…,8.7715
2022-11-28T20:26:19.000Z,RT @annehelen: I loved GLASS ONION but the hardest I laughed was during the preview Gerald Butler movie that is revealed to just be called.…,8.7715
2022-11-28T20:54:38.000Z,RT @annehelen: I loved GLASS ONION but the hardest I laughed was during the preview Gerald Butler movie that is revealed to just be called.…,8.7715
2022-11-28T20:49:47.000Z,RT @annehelen: I loved GLASS ONION but the hardest I laughed was during the preview Gerald Butler movie that is revealed to just be called.…,8.7715
2022-11-28T20:59:54.000Z,RT @annehelen: I loved GLASS ONION but the hardest I laughed was during the preview Gerald Butler movie that is revealed to just be called.…,8.7715
2022-11-28T20:27:31.000Z,RT @gutlesswunder: Saw Glass Onion yesterday and I feel like the only concise reaction I can give is: it was a movie that made me feel an e…,6.806
2022-11-28T20:31:11.000Z,RT @gutlesswunder: Saw Glass Onion yesterday and I feel like the only concise reaction I can give is: it was a movie that made me feel an e…,6.806
2022-11-28T20:33:41.000Z,RT @gutlesswunder: Saw Glass Onion yesterday and I feel like the only concise reaction I can give is: it was a movie that made me feel an e…,6.806
2022-11-28T20:38:08.000Z,RT @gutlesswunder: Saw Glass Onion yesterday and I feel like the only concise reaction I can give is: it was a movie that made me feel an e…,6.806
2022-11-28T20:41:28.000Z,RT @gutlesswunder: Saw Glass Onion yesterday and I feel like the only concise reaction I can give is: it was a movie that made me feel an e…,6.806
2022-11-28T20:44:34.000Z,RT @gutlesswunder: Saw Glass Onion yesterday and I feel like the only concise reaction I can give is: it was a movie that made me feel an e…,6.806
2022-11-28T20:50:16.000Z,RT @gutlesswunder: Saw Glass Onion yesterday and I feel like the only concise reaction I can give is: it was a movie that made me feel an e…,6.806
2022-11-28T20:51:50.000Z,RT @gutlesswunder: Saw Glass Onion yesterday and I feel like the only concise reaction I can give is: it was a movie that made me feel an e…,6.806
2022-11-28T20:25:55.000Z,"RT @metaplexmovies: GLASS ONION is fuck-the-rich fun, a meta-whodunnit that doubles as a stage for delightful performances, sharp one-liner…",8.982
2022-11-28T20:53:37.000Z,"RT @metaplexmovies: GLASS ONION is fuck-the-rich fun, a meta-whodunnit that doubles as a stage for delightful performances, sharp one-liner…",8.982
2022-11-28T20:59:10.000Z,"RT @ryanmcquade77: Never a bad day talking to the great @rianjohnson about his wonderful new film, #GlassOnion! 

https://t.co/G81Npdb18w h…",9.461
2022-11-28T21:00:23.000Z,"RT @ryanmcquade77: Never a bad day talking to the great @rianjohnson about his wonderful new film, #GlassOnion! 

https://t.co/G81Npdb18w h…",9.461
2022-11-28T20:20:52.000Z,"RT @the_nerd_skull: I was expecting Glass Onion to be good. It was very good. I enjoyed it a lot. 

What I wasn't expecting was for it to b…",9.274
2022-11-28T20:27:17.000Z,"RT @the_nerd_skull: I was expecting Glass Onion to be good. It was very good. I enjoyed it a lot. 

What I wasn't expecting was for it to b…",9.274
2022-11-28T20:40:32.000Z,"RT @the_nerd_skull: I was expecting Glass Onion to be good. It was very good. I enjoyed it a lot. 

What I wasn't expecting was for it to b…",9.274
2022-11-28T20:55:45.000Z,"RT @the_nerd_skull: I was expecting Glass Onion to be good. It was very good. I enjoyed it a lot. 

What I wasn't expecting was for it to b…",9.274
2022-11-28T20:42:02.000Z,RT @writeremergency: Did you catch Glass Onion in theaters and want to dive deeper into that vibe? Come see what we can learn from The Brot…,5.386
2022-11-28T20:42:02.000Z,RT @writeremergency: Did you catch Glass Onion in theaters and want to dive deeper into that vibe? Come see what we can learn from The Brot…,5.386
2022-11-28T20:42:02.000Z,RT @writeremergency: Did you catch Glass Onion in theaters and want to dive deeper into that vibe? Come see what we can learn from The Brot…,5.386
2022-11-28T20:11:31.000Z,"RT @BDisgusting: #GlassOnion: A Knives Out Mystery Review – Benoit Blanc Is Back in Bigger and Funnier Whodunnit, Writes @HauntedMeg https:…",7.0095
2022-11-28T20:02:31.000Z,"RT @BDisgusting: #GlassOnion: A Knives Out Mystery Review – Benoit Blanc Is Back in Bigger and Funnier Whodunnit, Writes @HauntedMeg https:…",7.0095
2022-11-28T20:04:02.000Z,"RT @CEOAdam: See Daniel Craig in the fun Knives Out sequel Glass Onion. A full month early, but only this one week —through Wed Nov 30. The…",6.909
2022-11-28T20:11:24.000Z,"RT @CEOAdam: See Daniel Craig in the fun Knives Out sequel Glass Onion. A full month early, but only this one week —through Wed Nov 30. The…",6.909
2022-11-28T20:21:48.000Z,"RT @CEOAdam: See Daniel Craig in the fun Knives Out sequel Glass Onion. A full month early, but only this one week —through Wed Nov 30. The…",6.909
2022-11-28T20:32:47.000Z,"RT @CEOAdam: See Daniel Craig in the fun Knives Out sequel Glass Onion. A full month early, but only this one week —through Wed Nov 30. The…",6.909
2022-11-28T20:45:07.000Z,"RT @CEOAdam: See Daniel Craig in the fun Knives Out sequel Glass Onion. A full month early, but only this one week —through Wed Nov 30. The…",6.909
2022-11-28T20:49:21.000Z,"RT @CEOAdam: See Daniel Craig in the fun Knives Out sequel Glass Onion. A full month early, but only this one week —through Wed Nov 30. The…",6.909
2022-11-28T20:14:32.000Z,RT @abby_sherlock: glass onion is so witty and just so FUNNY with a packed movie theatre: i’m here for the murder mystery renaissance thank…,5.692
2022-11-28T20:15:21.000Z,RT @abby_sherlock: glass onion is so witty and just so FUNNY with a packed movie theatre: i’m here for the murder mystery renaissance thank…,5.692
2022-11-28T20:19:32.000Z,"RT @theeaglesvision: This Was the Worst Thanksgiving Weekend in Box-Office History.: Yes, Disney's animated ""Strange World"" is a bomb — but…",2.5305
2022-11-28T20:19:32.000Z,"RT @theeaglesvision: This Was the Worst Thanksgiving Weekend in Box-Office History.: Yes, Disney's animated ""Strange World"" is a bomb — but…",2.5305
2022-11-28T20:17:03.000Z,"RT @theeaglesvision: This Was the Worst Thanksgiving Weekend in Box-Office History.: Yes, Disney's animated ""Strange World"" is a bomb — but…",2.5305
2022-11-28T20:56:37.000Z,"Did you miss last weeks episode? CinemaJaw 587 - Matt Pais - Glass Onion, Clueless (retro review) - 90's Decade Dominators https://t.co/dvLawWLdSB",2.5305
2022-11-28T20:56:37.000Z,"Did you miss last weeks episode? CinemaJaw 587 - Matt Pais - Glass Onion, Clueless (retro review) - 90's Decade Dominators https://t.co/dvLawWLdSB",2.5305
2022-11-28T20:50:39.000Z,"RT @GregTheWeidman: The Nicole Kidman AMC intro finishes. 
A voice rings out in response:
“Goddamn right!”
And then that person grabbed a m…",5
2022-11-28T20:53:24.000Z,"RT @GregTheWeidman: The Nicole Kidman AMC intro finishes. 
A voice rings out in response:
“Goddamn right!”
And then that person grabbed a m…",5
2022-11-28T20:53:51.000Z,"RT @DiscussingFilm: Janelle Monáe gives a vibrant, layered performance in ‘GLASS ONION: A KNIVES OUT MYSTERY’ that asks her to be the emoti…",7.6335
2022-11-28T20:53:52.000Z,"RT @DiscussingFilm: Janelle Monáe gives a vibrant, layered performance in ‘GLASS ONION: A KNIVES OUT MYSTERY’ that asks her to be the emoti…",7.6335
2022-11-28T20:53:40.000Z,"RT @DiscussingFilm: Janelle Monáe gives a vibrant, layered performance in ‘GLASS ONION: A KNIVES OUT MYSTERY’ that asks her to be the emoti…",7.6335
2022-11-28T20:53:51.000Z,"RT @DiscussingFilm: Janelle Monáe gives a vibrant, layered performance in ‘GLASS ONION: A KNIVES OUT MYSTERY’ that asks her to be the emoti…",7.6335
2022-11-28T20:54:25.000Z,"RT @DiscussingFilm: Janelle Monáe gives a vibrant, layered performance in ‘GLASS ONION: A KNIVES OUT MYSTERY’ that asks her to be the emoti…",7.6335
2022-11-28T20:53:51.000Z,"RT @DiscussingFilm: Janelle Monáe gives a vibrant, layered performance in ‘GLASS ONION: A KNIVES OUT MYSTERY’ that asks her to be the emoti…",7.6335
2022-11-28T20:53:52.000Z,"RT @DiscussingFilm: Janelle Monáe gives a vibrant, layered performance in ‘GLASS ONION: A KNIVES OUT MYSTERY’ that asks her to be the emoti…",7.6335
2022-11-28T20:54:25.000Z,"RT @DiscussingFilm: Janelle Monáe gives a vibrant, layered performance in ‘GLASS ONION: A KNIVES OUT MYSTERY’ that asks her to be the emoti…",7.6335
2022-11-28T20:53:51.000Z,"RT @DiscussingFilm: Janelle Monáe gives a vibrant, layered performance in ‘GLASS ONION: A KNIVES OUT MYSTERY’ that asks her to be the emoti…",7.6335
2022-11-28T20:53:52.000Z,"RT @DiscussingFilm: Janelle Monáe gives a vibrant, layered performance in ‘GLASS ONION: A KNIVES OUT MYSTERY’ that asks her to be the emoti…",7.6335
2022-11-28T20:53:51.000Z,"RT @DiscussingFilm: Janelle Monáe gives a vibrant, layered performance in ‘GLASS ONION: A KNIVES OUT MYSTERY’ that asks her to be the emoti…",7.6335
2022-11-28T20:53:51.000Z,"RT @DiscussingFilm: Janelle Monáe gives a vibrant, layered performance in ‘GLASS ONION: A KNIVES OUT MYSTERY’ that asks her to be the emoti…",7.6335
2022-11-28T20:54:25.000Z,"RT @DiscussingFilm: Janelle Monáe gives a vibrant, layered performance in ‘GLASS ONION: A KNIVES OUT MYSTERY’ that asks her to be the emoti…",7.6335
2022-11-28T20:53:52.000Z,"RT @DiscussingFilm: Janelle Monáe gives a vibrant, layered performance in ‘GLASS ONION: A KNIVES OUT MYSTERY’ that asks her to be the emoti…",7.6335
2022-11-28T20:54:25.000Z,"RT @DiscussingFilm: Janelle Monáe gives a vibrant, layered performance in ‘GLASS ONION: A KNIVES OUT MYSTERY’ that asks her to be the emoti…",7.6335
2022-11-28T20:54:25.000Z,"RT @DiscussingFilm: Janelle Monáe gives a vibrant, layered performance in ‘GLASS ONION: A KNIVES OUT MYSTERY’ that asks her to be the emoti…",7.6335
2022-11-28T20:55:13.000Z,"RT @DiscussingFilm: Janelle Monáe gives a vibrant, layered performance in ‘GLASS ONION: A KNIVES OUT MYSTERY’ that asks her to be the emoti…",7.6335
2022-11-28T20:53:27.000Z,"RT @DiscussingFilm: Janelle Monáe gives a vibrant, layered performance in ‘GLASS ONION: A KNIVES OUT MYSTERY’ that asks her to be the emoti…",7.6335
2022-11-28T20:53:30.000Z,"RT @DiscussingFilm: Janelle Monáe gives a vibrant, layered performance in ‘GLASS ONION: A KNIVES OUT MYSTERY’ that asks her to be the emoti…",7.6335
2022-11-28T20:53:34.000Z,"RT @DiscussingFilm: Janelle Monáe gives a vibrant, layered performance in ‘GLASS ONION: A KNIVES OUT MYSTERY’ that asks her to be the emoti…",7.6335
2022-11-28T20:53:30.000Z,"RT @DiscussingFilm: Janelle Monáe gives a vibrant, layered performance in ‘GLASS ONION: A KNIVES OUT MYSTERY’ that asks her to be the emoti…",7.6335
2022-11-28T20:56:12.000Z,"RT @DiscussingFilm: Janelle Monáe gives a vibrant, layered performance in ‘GLASS ONION: A KNIVES OUT MYSTERY’ that asks her to be the emoti…",7.6335
2022-11-28T20:59:34.000Z,"RT @DiscussingFilm: Janelle Monáe gives a vibrant, layered performance in ‘GLASS ONION: A KNIVES OUT MYSTERY’ that asks her to be the emoti…",7.6335
2022-11-28T20:53:51.000Z,"RT @DiscussingFilm: Janelle Monáe gives a vibrant, layered performance in ‘GLASS ONION: A KNIVES OUT MYSTERY’ that asks her to be the emoti…",7.6335
2022-11-28T20:54:25.000Z,"RT @DiscussingFilm: Janelle Monáe gives a vibrant, layered performance in ‘GLASS ONION: A KNIVES OUT MYSTERY’ that asks her to be the emoti…",7.6335
2022-11-28T20:53:51.000Z,"RT @DiscussingFilm: Janelle Monáe gives a vibrant, layered performance in ‘GLASS ONION: A KNIVES OUT MYSTERY’ that asks her to be the emoti…",7.6335
2022-11-28T20:53:51.000Z,"RT @DiscussingFilm: Janelle Monáe gives a vibrant, layered performance in ‘GLASS ONION: A KNIVES OUT MYSTERY’ that asks her to be the emoti…",7.6335
2022-11-28T19:56:39.000Z,"RT @DiscussingFilm: Rian Johnson says he has not begun writing ‘KNIVES OUT 3’ yet.

“I gotta figure out what the next Benoit Blanc mystery…",5.386
2022-11-28T19:57:10.000Z,"RT @DiscussingFilm: Rian Johnson says he has not begun writing ‘KNIVES OUT 3’ yet.

“I gotta figure out what the next Benoit Blanc mystery…",5.386
2022-11-28T20:42:27.000Z,"RT @DiscussingFilm: Rian Johnson says he has not begun writing ‘KNIVES OUT 3’ yet.

“I gotta figure out what the next Benoit Blanc mystery…",5.386
2022-11-28T20:02:41.000Z,"RT @DiscussingFilm: Rian Johnson says he has not begun writing ‘KNIVES OUT 3’ yet.

“I gotta figure out what the next Benoit Blanc mystery…",5.386
2022-11-28T20:04:48.000Z,"RT @DiscussingFilm: Rian Johnson says he has not begun writing ‘KNIVES OUT 3’ yet.

“I gotta figure out what the next Benoit Blanc mystery…",5.386
2022-11-28T20:07:23.000Z,"RT @DiscussingFilm: Rian Johnson says he has not begun writing ‘KNIVES OUT 3’ yet.

“I gotta figure out what the next Benoit Blanc mystery…",5.386
2022-11-28T20:09:42.000Z,"RT @DiscussingFilm: Rian Johnson says he has not begun writing ‘KNIVES OUT 3’ yet.

“I gotta figure out what the next Benoit Blanc mystery…",5.386
2022-11-28T20:10:44.000Z,"RT @DiscussingFilm: Rian Johnson says he has not begun writing ‘KNIVES OUT 3’ yet.

“I gotta figure out what the next Benoit Blanc mystery…",5.386
2022-11-28T20:10:30.000Z,"RT @DiscussingFilm: Rian Johnson says he has not begun writing ‘KNIVES OUT 3’ yet.

“I gotta figure out what the next Benoit Blanc mystery…",5.386
2022-11-28T20:13:03.000Z,"RT @DiscussingFilm: Rian Johnson says he has not begun writing ‘KNIVES OUT 3’ yet.

“I gotta figure out what the next Benoit Blanc mystery…",5.386
2022-11-28T20:15:51.000Z,"RT @DiscussingFilm: Rian Johnson says he has not begun writing ‘KNIVES OUT 3’ yet.

“I gotta figure out what the next Benoit Blanc mystery…",5.386
2022-11-28T20:26:52.000Z,"RT @DiscussingFilm: Rian Johnson says he has not begun writing ‘KNIVES OUT 3’ yet.

“I gotta figure out what the next Benoit Blanc mystery…",5.386
2022-11-28T20:28:20.000Z,"RT @DiscussingFilm: Rian Johnson says he has not begun writing ‘KNIVES OUT 3’ yet.

“I gotta figure out what the next Benoit Blanc mystery…",5.386
2022-11-28T20:29:43.000Z,"RT @DiscussingFilm: Rian Johnson says he has not begun writing ‘KNIVES OUT 3’ yet.

“I gotta figure out what the next Benoit Blanc mystery…",5.386
2022-11-28T20:30:32.000Z,"RT @DiscussingFilm: Rian Johnson says he has not begun writing ‘KNIVES OUT 3’ yet.

“I gotta figure out what the next Benoit Blanc mystery…",5.386
2022-11-28T20:39:51.000Z,"RT @DiscussingFilm: Rian Johnson says he has not begun writing ‘KNIVES OUT 3’ yet.

“I gotta figure out what the next Benoit Blanc mystery…",5.386
2022-11-28T20:36:55.000Z,"RT @DiscussingFilm: Rian Johnson says he has not begun writing ‘KNIVES OUT 3’ yet.

“I gotta figure out what the next Benoit Blanc mystery…",5.386
2022-11-28T20:37:03.000Z,"RT @DiscussingFilm: Rian Johnson says he has not begun writing ‘KNIVES OUT 3’ yet.

“I gotta figure out what the next Benoit Blanc mystery…",5.386
2022-11-28T20:40:08.000Z,"RT @DiscussingFilm: Rian Johnson says he has not begun writing ‘KNIVES OUT 3’ yet.

“I gotta figure out what the next Benoit Blanc mystery…",5.386
2022-11-28T20:42:27.000Z,"RT @DiscussingFilm: Rian Johnson says he has not begun writing ‘KNIVES OUT 3’ yet.

“I gotta figure out what the next Benoit Blanc mystery…",5.386
2022-11-28T20:42:32.000Z,"RT @DiscussingFilm: Rian Johnson says he has not begun writing ‘KNIVES OUT 3’ yet.

“I gotta figure out what the next Benoit Blanc mystery…",5.386
2022-11-28T20:48:49.000Z,"RT @DiscussingFilm: Rian Johnson says he has not begun writing ‘KNIVES OUT 3’ yet.

“I gotta figure out what the next Benoit Blanc mystery…",5.386
2022-11-28T20:53:07.000Z,"RT @DiscussingFilm: Rian Johnson says he has not begun writing ‘KNIVES OUT 3’ yet.

“I gotta figure out what the next Benoit Blanc mystery…",5.386
2022-11-28T20:59:56.000Z,"RT @DiscussingFilm: Rian Johnson says he has not begun writing ‘KNIVES OUT 3’ yet.

“I gotta figure out what the next Benoit Blanc mystery…",5.386
2022-11-28T21:00:12.000Z,"RT @DiscussingFilm: Rian Johnson says he has not begun writing ‘KNIVES OUT 3’ yet.

“I gotta figure out what the next Benoit Blanc mystery…",5.386
2022-11-28T20:01:19.000Z,RT @GFRobot: Glass Onion: A Knives Out Mystery doesn’t stream on Netflix until December 23–the Friday before Christmas–but if you can see i…,5
2022-11-28T20:01:19.000Z,RT @GFRobot: Glass Onion: A Knives Out Mystery doesn’t stream on Netflix until December 23–the Friday before Christmas–but if you can see i…,5
2022-11-28T20:17:50.000Z,RT @Variety: What’s up with Netflix's strange rollout for “Glass Onion”? It’s a mystery that might baffle even Daniel Craig’s master detect…,3.9885
2022-11-28T20:16:49.000Z,RT @Variety: What’s up with Netflix's strange rollout for “Glass Onion”? It’s a mystery that might baffle even Daniel Craig’s master detect…,3.9885
2022-11-28T20:41:41.000Z,I know that Netflix already fumbled the bag with the weird limited Glass Onion release but also like why don’t they have the original on their platform,8.2985
2022-11-28T20:41:41.000Z,I know that Netflix already fumbled the bag with the weird limited Glass Onion release but also like why don’t they have the original on their platform,8.2985
2022-11-28T20:41:41.000Z,I know that Netflix already fumbled the bag with the weird limited Glass Onion release but also like why don’t they have the original on their platform,8.2985
2022-11-28T20:42:17.000Z,@komradekhris Having watched Glass Onion and The Menu 3 days apart... It is interesting to see the different routes that both movies take to criticize the same audience... But The Menu doesn't feel like it was made by a rich white guy lol,8.992
2022-11-28T20:42:17.000Z,@komradekhris Having watched Glass Onion and The Menu 3 days apart... It is interesting to see the different routes that both movies take to criticize the same audience... But The Menu doesn't feel like it was made by a rich white guy lol,8.992
2022-12-10T03:51:29.000Z,"RT @AmongUsGame: hide your murders!! a new free skin drop is coming! 
 
Benoit Blanc from the movie Glass Onion: A @KnivesOut Mystery is jo…",2.2885